year,regional_schlüssel,kreis_city,eligblvotrs,votrpart,vldsecndvotrs,CDU/CSU ,SPD,GRÜNE,FDP ,DIE LINKE,AfD,Sonstige Parteien
2017,5,  Nordrhein-Westfalen,13174577,75.4,9853377,3214013,2557876,744970,1293052,736904,928425,378137
2017,51,"    Düsseldorf, Regierungsbezirk",3736990,74.5,2757746,873413,711241,196852,386181,209943,268142,111974
2017,51110000000,"      Düsseldorf, Kreisfreie Stadt",413939,76.5,314456,95658,66711,31527,55217,28786,24997,11560
2017,5112,"      Duisburg, Kreisfreie Stadt",328202,68.7,221408,53576,72620,12337,20860,18915,29343,13757
2017,51130000000,"      Essen, Kreisfreie Stadt",419680,73.9,307703,84119,87154,23468,38675,25249,35155,13883
2017,51140000000,"      Krefeld, Kreisfreie Stadt",163278,71.5,115709,36907,28787,8968,16920,9393,9569,5165
2017,51160000000,"      Mönchengladbach, Kreisfreie Stadt",190552,69.3,130836,46786,30547,8169,17946,9627,12373,5388
2017,51170000000,"      Mülheim an der Ruhr, Kreisfreie Stadt",124310,77.5,95572,27160,27003,7055,13313,7395,10119,3527
2017,51190000000,"      Oberhausen, Kreisfreie Stadt",152264,72,108531,28171,36209,5678,10346,8978,14226,4923
2017,51200000000,"      Remscheid, Kreisfreie Stadt",77247,71.9,54977,17467,14226,3479,7350,3991,5847,2617
2017,51220000000,"      Solingen, Kreisfreie Stadt",112624,72.8,81222,25465,20151,6076,11710,6609,7874,3337
2017,51240000000,"      Wuppertal, Kreisfreie Stadt",241103,73.2,174837,47727,45062,14925,22324,18189,18931,7679
2017,5154,"      Kleve, Kreis",226096,74.8,167658,69700,39316,10098,22687,9366,11621,4870
2017,5154004,        Bedburg-Hau,9830,75.7,7384,3273,1740,401,962,355,458,195
2017,5154008,        Emmerich am Rhein,19487,72.6,14025,5308,4112,746,1675,783,1025,376
2017,5154012,        Geldern,25840,75,19250,8260,4161,1145,2633,1072,1381,598
2017,5154016,        Goch,24519,72.4,17571,7273,4083,976,2405,986,1331,517
2017,5154020,        Issum,9576,81.3,7730,3014,1970,435,1068,391,575,277
2017,5154024,        Kalkar,10395,75.2,7755,3330,1792,438,996,394,584,221
2017,5154028,        Kerken,10162,80,8086,3320,1820,526,1124,461,581,254
2017,5154032,        Kevelaer,21047,76.8,16040,6986,3462,930,2458,828,907,469
2017,51540036036,"        Kleve, Niederrhein",35744,69.2,24470,9350,5999,1724,3177,1722,1796,702
2017,5154040,"        Kranenburg, Niederrhein",5839,77.6,4477,2083,1022,290,563,203,206,110
2017,5154044,        Rees,17065,75.4,12770,5062,3481,830,1540,705,852,300
2017,5154048,        Rheurdt,5362,82.6,4405,1592,1071,327,639,279,347,150
2017,5154052,        Straelen,11432,78.1,8874,4459,1508,473,1291,372,500,271
2017,5154056,        Uedem,6248,77.1,4766,2116,999,229,724,253,336,109
2017,5154060,        Wachtendonk,6266,80.9,5034,2102,934,384,830,241,389,154
2017,5154064,        Weeze,7284,69.5,5021,2172,1162,244,602,321,353,167
2017,5158,"      Mettmann, Kreis",368473,77.6,283605,94727,67088,20395,45448,18674,26979,10294
2017,5158004,        Erkrath,33561,77.6,25860,8343,6187,1940,4030,1830,2693,837
2017,5158008,        Haan,23733,80,18873,6476,4105,1589,3321,1275,1540,567
2017,5158012,        Heiligenhaus,19095,75.9,14280,4644,3670,911,2170,911,1427,547
2017,51580016016,        Hilden,43052,77.9,33287,10918,8104,2445,5169,2245,3176,1230
2017,51580020020,        Langenfeld (Rhld.),45527,79.2,35840,13308,7558,2702,5938,1996,3073,1265
2017,5158024,        Mettmann,29015,78.4,22568,7811,4762,1652,4110,1320,2167,746
2017,5158026,        Monheim am Rhein,30356,75.5,22737,7270,5880,1468,3189,1550,2404,976
2017,51580028028,        Ratingen,68057,78.8,53309,18595,11444,3932,9809,3359,4466,1704
2017,51580032032,        Velbert,59992,74.9,44545,13312,12155,2941,5931,3428,4822,1956
2017,5158036,        Wülfrath,16085,77.1,12306,4050,3223,815,1781,760,1211,466
2017,5162,      Rhein-Kreis Neuss,334133,77.2,255871,94615,56021,16283,43062,14876,21918,9096
2017,51620004004,        Dormagen,47256,75.7,35465,12810,8848,2034,4932,2079,3428,1334
2017,51620008008,        Grevenbroich,47724,74.7,35351,12790,8905,1652,5480,1939,3205,1380
2017,5162012,        Jüchen,18313,77.7,14115,5491,3095,695,2423,691,1298,422
2017,5162016,        Kaarst,32926,82.1,26864,10377,5219,1845,5197,1448,2042,736
2017,5162020,        Korschenbroich,26840,83.4,22262,9044,4312,1614,4056,1128,1477,631
2017,51620022022,        Meerbusch,41275,82.5,33855,12720,5957,2546,7801,1714,2214,903
2017,51620024024,        Neuss,109370,73.4,79656,28164,17651,5512,11968,5475,7505,3381
2017,5162028,        Rommerskirchen,10429,80.2,8303,3219,2034,385,1205,402,749,309
2017,5166,"      Viersen, Kreis",227423,76.2,172018,65475,38368,11591,27576,10342,12841,5825
2017,5166004,"        Brüggen, Niederrhein",12124,76.5,9205,3830,1820,565,1659,423,620,288
2017,5166008,        Grefrath,12002,78.6,9378,3632,2312,560,1465,476,629,304
2017,5166012,        Kempen,27267,79.3,21452,7939,4841,1632,3753,1165,1507,615
2017,5166016,        Nettetal,30676,74.7,22722,9130,4930,1299,3636,1256,1726,745
2017,5166020,        Niederkrüchten,11452,76.7,8733,3262,1998,527,1313,570,745,318
2017,5166024,"        Schwalmtal, Niederrhein",14591,78.1,11329,4651,2431,783,1677,652,789,346
2017,5166028,        Tönisvorst,22983,79.5,18135,6660,4214,1310,2929,1100,1338,584
2017,51660032032,        Viersen,57374,71,40423,15078,9528,2658,5556,2900,3175,1528
2017,51660036036,        Willich,38954,79.1,30641,11293,6294,2257,5588,1800,2312,1097
2017,5170,"      Wesel, Kreis",357666,77.1,273343,85860,81978,16803,32747,19553,26349,10053
2017,5170004,        Alpen,10233,82.9,8408,3487,1984,497,1102,433,662,243
2017,51700008008,        Dinslaken,52552,77.4,40330,10914,12956,2550,4544,3395,4334,1637
2017,5170012,        Hamminkeln,21512,81.5,17438,7465,4190,976,2357,860,1115,475
2017,5170016,        Hünxe,11408,82.9,9395,3043,2722,617,1320,573,877,243
2017,5170020,        Kamp-Lintfort,27532,71.3,19448,4883,7378,928,1708,1497,2138,916
2017,51700024024,        Moers,76701,75.7,57482,16100,18304,3460,6602,4448,6230,2338
2017,5170028,        Neukirchen-Vluyn,21235,78.1,16433,5223,5091,1050,1892,1073,1460,644
2017,5170032,        Rheinberg,24935,78.7,19474,6471,5283,1332,2383,1336,1972,697
2017,5170036,        Schermbeck,11487,82,9356,3744,2147,633,1318,495,737,282
2017,5170040,        Sonsbeck,6943,77.6,5347,2314,1086,304,850,297,290,206
2017,5170044,        Voerde (Niederrhein),28855,77.3,22106,5784,7514,1290,2444,1814,2464,796
2017,51700048048,        Wesel,46845,74,34372,11194,10034,2221,4310,2422,3021,1170
2017,5170052,        Xanten,17428,79.5,13754,5238,3289,945,1917,910,1049,406
2017,53,"    Köln, Regierungsbezirk",3249261,77,2480132,797155,602545,227403,350140,196066,212029,94794
2017,53140000000,"      Bonn, Kreisfreie Stadt",227583,79.3,179208,53334,36119,25197,28113,17133,13136,6176
2017,53150000000,"      Köln, Kreisfreie Stadt",732825,75.8,552188,145657,126988,74849,76122,63324,40019,25229
2017,53160000000,"      Leverkusen, Kreisfreie Stadt",116593,75.2,86757,26748,23683,6026,11274,6449,8936,3641
2017,53340002002,      Städteregion Aachen (einschl. Stadt Aachen),407521,77,311408,91483,95202,26354,39008,24564,23124,11673
2017,5334004,"        Alsdorf, Stadt (ab 21.10.2009)",33347,72.4,23872,6383,9739,871,2028,1270,2660,921
2017,5334008,"        Baesweiler, Stadt (ab 21.10.2009)",19121,74.9,14187,5024,4527,554,1537,756,1215,574
2017,53340012012,"        Eschweiler, Stadt (ab 21.10.2009)",41863,73.9,30590,8558,11927,1122,3348,1763,2910,962
2017,5334016,"        Herzogenrath, Stadt (ab 21.10.2009)",35273,77.9,27252,7750,9673,1532,3115,1906,2308,968
2017,533400020020,"        Monschau, Stadt (ab 21.10.2009)",9373,82.1,7635,3033,1968,499,1065,418,453,199
2017,533400020024,        Roetgen (ab 21.10.2009),6688,86.1,5732,1943,1400,675,831,377,338,168
2017,533400020028,        Simmerath (ab 21.10.2009),12325,80,9793,4059,2481,515,1317,519,631,271
2017,5334032,"        Stolberg (Rhld.), Stadt (ab 21.10.2009)",41143,73.3,29874,9245,9775,1544,3522,1879,2814,1095
2017,5334036,"        Würselen, Stadt (ab 21.10.2009)",29115,78.4,22672,6661,9049,1124,2450,1217,1524,647
2017,5334002,"      Aachen, krfr. Stadt",179273,78.4,139801,38827,34663,17918,19795,14459,8271,5868
2017,5354,"      Aachen, Kreis",0,0,0,0,0,0,0,0,0,0
2017,5354004,"        Alsdorf, Stadt",0,0,0,0,0,0,0,0,0,0
2017,5354008,"        Baesweiler, Stadt",0,0,0,0,0,0,0,0,0,0
2017,53340012012,"        Eschweiler, Stadt",0,0,0,0,0,0,0,0,0,0
2017,5354016,"        Herzogenrath, Stadt",0,0,0,0,0,0,0,0,0,0
2017,5354020,"        Monschau, Stadt",0,0,0,0,0,0,0,0,0,0
2017,5354024,        Roetgen,0,0,0,0,0,0,0,0,0,0
2017,5354028,        Simmerath,0,0,0,0,0,0,0,0,0,0
2017,5354032,"        Stolberg (Rhld.), Stadt",0,0,0,0,0,0,0,0,0,0
2017,5354036,"        Würselen, Stadt",0,0,0,0,0,0,0,0,0,0
2017,5358,"      Düren, Kreis",199675,75.9,150134,52412,43816,8198,17155,8809,14432,5312
2017,5358004,        Aldenhoven,10150,74.1,7465,2385,2550,262,756,388,789,335
2017,5358008,        Düren,63475,68.8,43186,13896,12826,2545,4365,2972,4805,1777
2017,5358012,"        Heimbach, Eifel",3506,76.7,2660,1091,621,145,377,141,209,76
2017,5358016,        Hürtgenwald,6920,83.4,5727,2277,1364,330,781,321,481,173
2017,5358020,        Inden,5733,80.7,4575,1539,1531,175,543,210,416,161
2017,5358024,        Jülich,24707,78.2,19137,6611,5698,1215,2427,1214,1397,575
2017,5358028,        Kreuzau,14450,81.3,11644,4257,3050,729,1518,716,1013,361
2017,5358032,        Langerwehe,11288,82.7,9250,3148,2850,513,1108,470,832,329
2017,5358036,        Linnich,10122,78.1,7842,3096,2292,363,815,369,653,254
2017,5358040,        Merzenich,7808,78.2,6042,2179,1712,319,703,334,604,191
2017,5358044,        Nideggen,8154,80.1,6486,2536,1585,384,894,333,561,193
2017,5358048,        Niederzier,11034,78.9,8607,2806,2929,371,863,442,914,282
2017,5358052,        Nörvenich,8452,78.3,6552,2365,1733,313,810,364,731,236
2017,5358056,        Titz,6639,80.5,5294,1980,1507,267,629,247,464,200
2017,5358060,        Vettweiß,7237,79,5667,2246,1568,267,566,288,563,169
2017,5362,      Rhein-Erft-Kreis,345328,77.1,264200,88179,68410,18331,38057,16296,25350,9577
2017,5362004,        Bedburg,18142,76.3,13748,5112,3885,539,1844,616,1296,456
2017,53620008008,"        Bergheim, Erft",43151,73.1,31224,10045,8763,1550,4273,1890,3532,1171
2017,5362012,"        Brühl, Rheinl",32652,79.2,25675,8347,6272,2578,3562,1828,2078,1010
2017,5362016,"        Elsdorf, Stadt",16106,73.6,11761,3923,3344,514,1591,584,1398,407
2017,53620020020,        Erftstadt,39048,78.9,30615,10551,7434,2132,4686,1883,2868,1061
2017,53620024024,        Frechen,38000,78.3,29458,9639,7737,2125,4355,1951,2661,990
2017,53620028028,        Hürth,44508,77,34026,11240,8715,2836,4707,2239,3016,1273
2017,53620032032,        Kerpen,47606,75.6,35646,11548,9654,2120,4877,2432,3492,1523
2017,53620036036,        Pulheim,41469,82.6,34005,12157,7916,2842,5751,1680,2696,963
2017,5362040,        Wesseling,24646,74,18042,5617,4690,1095,2411,1193,2313,723
2017,5366,"      Euskirchen, Kreis",150407,75.1,111864,41988,25102,6642,16751,6499,11066,3816
2017,5366004,        Bad Münstereifel,14389,78.3,11178,4367,2174,755,1753,742,1031,356
2017,5366008,"        Blankenheim, Ahr",6721,78.7,5242,2239,1035,305,781,284,422,176
2017,5366012,"        Dahlem, b Kall",3321,80.8,2643,1142,513,128,441,133,198,88
2017,53660016016,        Euskirchen,42877,71.1,30215,10436,6980,1809,4566,1913,3478,1033
2017,5366020,        Hellenthal,6297,77.4,4833,2041,977,274,738,231,420,152
2017,5366024,        Kall,9018,76.6,6802,2621,1535,384,1035,364,643,220
2017,5366028,        Mechernich,21401,75.7,16063,5926,3848,1027,2278,904,1543,537
2017,5366032,        Nettersheim,6041,81.6,4879,2116,946,294,743,261,353,166
2017,5366036,        Schleiden,10361,74.4,7647,3084,1602,453,1274,382,616,236
2017,5366040,        Weilerswist,13937,76.4,10581,3572,2686,564,1537,593,1212,417
2017,5366044,        Zülpich,16044,74.1,11781,4444,2806,649,1605,692,1150,435
2017,5370,"      Heinsberg, Kreis",190051,74.9,140890,55605,36421,7281,16111,7909,12313,5250
2017,5370004,        Erkelenz,34985,76.8,26599,10333,6229,1658,3583,1502,2292,1002
2017,5370008,        Gangelt,8703,75.6,6519,3262,1443,323,650,275,331,235
2017,5370012,        Geilenkirchen,20805,73.9,15230,6103,3970,834,1616,870,1313,524
2017,5370016,        Heinsberg (Rhld.),30999,73.2,22450,9598,5392,1100,2546,1152,1913,749
2017,5370020,        Hückelhoven,28254,71.4,19897,6842,5928,847,1869,1144,2307,960
2017,5370024,        Selfkant,5427,75.3,4057,2070,962,179,403,145,216,82
2017,5370028,        Übach-Palenberg,18231,73.4,13245,4057,4731,541,1209,873,1301,533
2017,5370032,        Waldfeucht,6471,82.2,5272,2644,1075,244,581,244,332,152
2017,5370036,        Wassenberg,13886,75.4,10362,3874,2681,543,1218,696,967,383
2017,5370040,        Wegberg,22290,78.1,17259,6822,4010,1012,2436,1008,1341,630
2017,5374,      Oberbergischer Kreis,208418,75.1,155034,56567,35078,9995,21353,9887,16413,5741
2017,5374004,        Bergneustadt,12916,72.6,9271,3269,2115,460,1202,571,1203,451
2017,5374008,        Engelskirchen,15039,77.9,11624,3984,3019,852,1577,778,997,417
2017,53740012012,        Gummersbach,37908,72.7,27216,9329,6381,1605,3635,1958,3264,1044
2017,5374016,        Hückeswagen,11886,77.2,9088,3363,2045,659,1351,578,760,332
2017,5374020,        Lindlar,16649,80.5,13316,5361,2928,1019,1945,717,877,469
2017,5374024,        Marienheide,10149,76.6,7648,2970,1696,450,977,429,866,260
2017,5374028,        Morsbach,8197,72.8,5920,2332,1409,310,739,345,624,161
2017,5374032,        Nümbrecht,13325,75,9930,3496,2245,735,1382,641,1123,308
2017,5374036,        Radevormwald,16662,75.7,12504,4418,2723,787,1874,789,1358,555
2017,5374040,        Reichshof,14783,73.6,10774,3695,2371,646,1512,672,1448,430
2017,5374044,        Waldbröl,14166,67.9,9470,3346,2006,546,1091,689,1394,398
2017,5374048,        Wiehl,20137,76.7,15296,5177,3739,1014,2210,979,1664,513
2017,5374052,        Wipperfürth,16601,78.8,12977,5827,2401,912,1858,741,835,403
2017,5378,      Rheinisch-Bergischer Kreis,217425,80.2,172529,61423,36221,15581,28787,11042,13777,5698
2017,53780004004,        Bergisch Gladbach,83807,80.3,66595,22879,14296,6723,10760,4598,5174,2165
2017,5378008,"        Burscheid, Rheinl",13735,77.1,10463,3557,2533,805,1544,681,931,412
2017,5378012,        Kürten,15754,81,12620,5127,2531,916,1944,682,978,442
2017,5378016,        Leichlingen (Rhld.),22271,81,17843,6234,3904,1490,2972,1205,1441,597
2017,5378020,        Odenthal,12272,85.5,10379,4145,1751,902,1930,510,818,323
2017,5378024,        Overath,20529,80.4,16326,6040,3295,1329,2769,955,1387,551
2017,5378028,        Rösrath,21850,79.7,17259,5615,3748,1828,3044,1174,1344,506
2017,5378032,        Wermelskirchen,27207,78.3,21044,7826,4163,1588,3824,1237,1704,702
2017,5382,      Rhein-Sieg-Kreis,453435,79.1,355920,123759,75505,28949,57409,24154,33463,12681
2017,5382004,        Alfter,17601,81.1,14186,4937,2790,1425,2447,962,1116,509
2017,5382008,        Bad Honnef,19189,81.8,15581,5476,2998,1515,3009,1086,1075,422
2017,5382012,"        Bornheim, Rheinl",36644,80.2,29194,10266,5909,2509,4897,1900,2747,966
2017,5382016,        Eitorf,13896,72.8,10013,3499,2300,610,1470,782,960,392
2017,5382020,        Hennef (Sieg),36445,79.2,28598,9875,5982,2361,4432,2052,2762,1134
2017,5382024,        Königswinter,31038,82.9,25540,8868,4943,2640,4492,1774,1972,851
2017,5382028,        Lohmar,23840,81.6,19313,6938,4039,1665,3173,1072,1765,661
2017,5382032,"        Meckenheim, Rheinl",18650,80.6,14892,5370,2926,1058,2714,922,1516,386
2017,5382036,        Much,11565,79.2,9089,3371,1801,667,1415,631,885,319
2017,5382040,        Neunkirchen-Seelscheid,15820,81.8,12857,4527,2581,1075,2133,836,1266,439
2017,5382044,        Niederkassel,28277,80.8,22704,8172,5141,1594,3632,1201,2186,778
2017,5382048,        Rheinbach,20993,81.3,16964,6273,3348,1439,2963,883,1516,542
2017,5382052,        Ruppichteroth,7824,77.6,6004,2097,1304,396,810,455,681,261
2017,53820056056,        Sankt Augustin,42232,77.9,32603,11136,6939,2720,5138,2407,3130,1133
2017,5382060,        Siegburg,30398,75.7,22812,7422,4863,1919,3464,1965,2149,1030
2017,5382064,        Swisttal,14271,80.5,11376,4328,2389,767,1831,566,1160,335
2017,53820068068,        Troisdorf,54060,75,40143,12921,9781,2752,5442,3164,4331,1752
2017,5382072,        Wachtberg,15402,84,12827,4771,2341,1119,2651,616,994,335
2017,5382076,        Windeck,15290,74.1,11224,3512,3130,718,1296,880,1252,436
2017,55,"    Münster, Regierungsbezirk",1969231,76.8,1501087,542396,392054,106667,179136,98509,131367,50958
2017,55120000000,"      Bottrop, Kreisfreie Stadt",88352,75.1,65788,18476,21388,3161,6826,4719,8244,2974
2017,5130000000,"      Gelsenkirchen, Kreisfreie Stadt",175210,68.2,118066,26452,39524,5489,10834,8703,20113,6951
2017,55150000000,"      Münster, Kreisfreie Stadt",232294,82.3,190126,62276,39714,27739,25684,19287,9393,6033
2017,5554,"      Borken, Kreis",278058,78.1,215672,101248,46112,12249,28147,9429,13236,5251
2017,5554004,        Ahaus,29283,78.8,22939,11311,4495,1306,3077,981,1202,567
2017,55540008008,        Bocholt,55345,76.7,42138,18343,10273,2571,5267,1892,2689,1103
2017,5554012,        Borken,32108,78,24876,11834,4839,1520,3465,1067,1576,575
2017,5554016,        Gescher,13374,79.1,10502,4777,2426,691,1320,464,594,230
2017,5554020,        Gronau (Westf.),32227,69.4,22196,8621,5568,1090,2799,1393,2013,712
2017,5554024,        Heek,6314,83.1,5217,3106,919,166,561,140,228,97
2017,5554028,        Heiden,6433,83,5310,2745,1006,290,676,182,290,121
2017,5554032,        Isselburg,7798,77.3,5985,2508,1649,334,709,275,376,134
2017,5554036,        Legden,5340,81.1,4307,2238,797,239,570,186,185,92
2017,5554040,        Raesfeld,8861,83.5,7352,3623,1307,423,1036,295,508,160
2017,5554044,        Reken,11533,78.1,8943,4346,1662,424,1193,343,731,244
2017,5554048,        Rhede,14966,82.5,12258,5945,2706,853,1419,455,631,249
2017,5554052,        Schöppingen,4916,80.8,3957,2091,636,228,531,189,203,79
2017,5554056,        Stadtlohn,15282,80.5,12202,6029,2457,627,1730,489,579,291
2017,5554060,        Südlohn,6871,81.3,5554,2868,925,270,923,205,265,98
2017,5554064,"        Velen, Stadt",10065,81.2,8125,3980,1533,460,1143,326,503,180
2017,5554068,        Vreden,17342,80.2,13811,6883,2914,757,1728,547,663,319
2017,5558,"      Coesfeld, Kreis",172726,81.1,139233,61149,29430,10234,18926,7483,8658,3353
2017,5558004,        Ascheberg,11845,81.9,9642,4460,1943,524,1495,454,553,213
2017,5558008,        Billerbeck,9169,83.8,7618,3357,1576,673,1095,376,370,171
2017,5558012,        Coesfeld,28782,80,22869,10240,4883,1852,3027,1164,1153,550
2017,5558016,        Dülmen,36287,79.6,28707,12389,6586,1812,3601,1657,1949,713
2017,5558020,        Havixbeck,9264,84.6,7805,3229,1664,861,996,468,407,180
2017,5558024,        Lüdinghausen,19275,80.6,15441,6715,3221,1242,2049,881,951,382
2017,5558028,        Nordkirchen,8151,81.7,6628,2844,1417,429,937,291,531,179
2017,5558032,        Nottuln,15386,81.9,12550,5236,2755,1005,1862,692,686,314
2017,5558036,        Olfen,10359,79.9,8201,3413,1756,461,1112,464,787,208
2017,5558040,        Rosendahl,8317,83.8,6939,3727,1173,336,967,252,335,149
2017,5558044,"        Senden, Westf",15891,81.3,12833,5539,2456,1039,1785,784,936,294
2017,5562,"      Recklinghausen, Kreis",473084,74,347120,102678,108671,18408,36348,23744,42630,14641
2017,55620004004,        Castrop-Rauxel,57576,72,41086,11660,13849,2132,3882,2941,4860,1762
2017,5562008,        Datteln,26685,72.6,19191,5704,6102,936,1910,1410,2294,835
2017,5562012,        Dorsten,60048,76.8,45741,16375,12514,2421,5286,2905,4737,1503
2017,55620014014,        Gladbeck,54393,72.4,38985,10116,13111,1666,3629,2668,5729,2066
2017,5562016,        Haltern am See,30994,82.6,25439,9977,6129,1827,3281,1481,2082,662
2017,55620020020,        Herten,45067,73.7,32927,8945,10822,1591,3402,2346,4307,1514
2017,55620024024,"        Marl, Westf",64869,71.8,46074,12289,15670,2078,4630,2891,6527,1989
2017,5562028,        Oer-Erkenschwick,21761,73.7,15879,4164,5501,757,1536,1073,2177,671
2017,55620032032,        Recklinghausen,88075,73,63735,17907,19448,3862,6679,4852,8011,2976
2017,5562036,        Waltrop,23616,77.2,18063,5541,5525,1138,2113,1177,1906,663
2017,5566,"      Steinfurt, Kreis",339903,77.9,262938,104760,68223,18572,31196,16147,17068,6972
2017,5566004,        Altenberge,7955,83.8,6630,2830,1301,696,928,414,298,163
2017,5566008,        Emsdetten,27650,78.9,21665,8559,5551,1744,2518,1537,1183,573
2017,5566012,"        Greven, Westf",28252,76.9,21529,7919,5190,1713,2735,1669,1603,700
2017,5566016,        Hörstel,15513,80.6,12417,5582,3111,673,1305,603,845,298
2017,5566020,        Hopsten,5686,82,4625,2365,1001,169,652,140,218,80
2017,5566024,        Horstmar,4958,82.9,4087,2017,901,249,506,156,175,83
2017,5566028,        Ibbenbüren,39974,77.5,30737,10912,9411,2123,3242,1980,2263,806
2017,5566032,        Ladbergen,5183,80.1,4122,1524,1145,336,574,209,248,86
2017,5566036,        Laer,5003,82.6,4101,1865,791,331,589,247,187,91
2017,5566040,"        Lengerich, Westf",16630,72.6,11964,3655,3777,947,1333,825,954,473
2017,5566044,        Lienen,6650,79.4,5254,1862,1439,449,662,367,333,142
2017,5566048,        Lotte,10549,73.3,7664,2329,2296,578,799,616,830,216
2017,5566052,        Metelen,4783,82.2,3914,1881,940,218,404,164,234,73
2017,5566056,        Mettingen,9440,81.5,7616,3237,2289,464,713,359,399,155
2017,5566060,"        Neuenkirchen, Kr Steinfurt",10601,80.5,8473,4115,1797,547,1008,392,422,192
2017,5566064,        Nordwalde,7262,81.3,5862,2792,1265,406,673,250,353,123
2017,5566068,        Ochtrup,14403,79.4,11361,5043,2849,673,1417,482,595,302
2017,5566072,        Recke,8947,81.1,7197,3295,1895,491,647,325,377,167
2017,5566076,        Rheine,57559,74,42278,16926,10593,2499,5187,2877,3033,1163
2017,5566080,        Saerbeck,5331,81.7,4324,1944,950,302,544,232,254,98
2017,55660084084,        Steinfurt,25699,77.5,19749,7556,4941,1634,2572,1252,1196,598
2017,5566088,        Tecklenburg,6996,81.3,5661,2028,1552,521,711,386,351,112
2017,5566092,        Westerkappeln,8770,75.7,6608,2004,2208,516,770,444,484,182
2017,5566096,"        Wettringen, Kr Steinfurt",6109,83.8,5100,2520,1030,293,707,221,233,96
2017,5570,"      Warendorf, Kreis",209604,78,162144,65357,38992,10815,21175,8997,12025,4783
2017,55700004004,        Ahlen,37233,73.4,27042,9258,8250,1179,2935,1613,2641,1166
2017,5570008,        Beckum,27449,73.2,19922,7202,5584,1173,2310,1340,1707,606
2017,5570012,        Beelen,4602,77.2,3507,1492,694,259,467,201,302,92
2017,5570016,        Drensteinfurt,12350,83.8,10287,4476,2172,811,1460,498,653,217
2017,5570020,        Ennigerloh,15374,76.3,11628,4496,2981,656,1506,617,1036,336
2017,5570024,        Everswinkel,7451,84.8,6277,2733,1342,439,946,335,345,137
2017,5570028,        Oelde,21985,80.1,17437,7094,4273,1151,2296,907,1201,515
2017,5570032,        Ostbevern,8125,81.4,6560,3034,1199,504,977,329,384,133
2017,5570036,        Sassenberg,10646,77.4,8178,3650,1692,462,1081,410,635,248
2017,5570040,        Sendenhorst,10311,80.5,8246,3454,1855,507,1137,490,573,230
2017,5570044,        Telgte,15250,82.2,12474,5261,2465,1439,1788,634,612,275
2017,5570048,        Wadersloh,9726,79.2,7658,3456,1618,473,1046,360,511,194
2017,5570052,        Warendorf,29102,79.5,22928,9751,4867,1762,3226,1263,1425,634
2017,57,"    Detmold, Regierungsbezirk",1544553,75,1147988,395105,288495,88169,140698,83017,113350,39154
2017,57110000000,"      Bielefeld, Kreisfreie Stadt",237576,75.5,177777,48916,45103,19748,20524,19943,15987,7556
2017,5754,"      Gütersloh, Kreis",263215,75.7,197355,75432,45035,15620,25864,12033,17199,6172
2017,5754004,        Borgholzhausen,6630,77,5066,1644,1318,465,613,360,502,164
2017,57540008008,        Gütersloh,71173,73.2,51596,17418,13121,4743,6192,3604,4892,1626
2017,5754012,        Halle (Westf.),16225,76.5,12309,4122,3189,1175,1494,797,1143,389
2017,5754016,        Harsewinkel,17673,75.5,13175,5376,2830,895,1549,714,1394,417
2017,5754020,        Herzebrock-Clarholz,11970,78.2,9296,3974,1843,596,1326,503,781,273
2017,5754024,        Langenberg,6358,79.1,4979,2202,992,310,660,269,379,167
2017,5754028,        Rheda-Wiedenbrück,32800,75.3,24384,9414,5310,1898,3625,1496,1858,783
2017,5754032,        Rietberg,21575,77.1,16499,8333,2639,1001,2294,687,1040,505
2017,5754036,        Schloß Holte-Stukenbrock,20303,77.2,15489,6178,3151,984,2176,859,1591,550
2017,5754040,"        Steinhagen, Westf",15604,79.3,12279,4184,3088,1023,1758,791,1055,380
2017,5754044,"        Verl, Stadt",18742,77.9,14464,6640,2717,981,1963,675,1086,402
2017,5754048,        Versmold,15522,71.4,10980,3868,3057,730,1374,699,951,301
2017,5754052,        Werther (Westf.),8640,79.6,6839,2079,1780,819,840,579,527,215
2017,5758,"      Herford, Kreis",191877,73.8,140255,44102,40738,9627,15845,9753,15283,4907
2017,5758004,        Bünde,34910,72.6,25105,7747,7336,1633,2795,1724,2968,902
2017,5758008,        Enger,15806,76.6,11978,3792,3570,930,1359,800,1155,372
2017,57580012012,        Herford,48661,70.7,34092,11053,8783,2422,4032,2601,3940,1261
2017,5758016,        Hiddenhausen,15632,78.1,12093,3804,3715,827,1337,736,1270,404
2017,5758020,        Kirchlengern,12686,76.3,9591,2970,3031,590,955,577,1130,338
2017,5758024,        Löhne,30324,72.3,21670,6668,6618,1373,2291,1594,2340,786
2017,5758028,        Rödinghausen,7688,77,5875,1871,1898,301,629,365,589,222
2017,5758032,        Spenge,11593,77.9,8976,2745,2716,787,1004,617,836,271
2017,5758036,        Vlotho,14577,75.2,10875,3452,3071,764,1443,739,1055,351
2017,5762,"      Höxter, Kreis",112543,76.7,85418,36255,18910,4615,10808,4762,7624,2444
2017,5762004,        Bad Driburg,14865,74.8,11027,4484,2228,579,1558,681,1072,425
2017,5762008,        Beverungen,10787,77.1,8243,3696,1862,403,989,463,632,198
2017,5762012,        Borgentreich,7244,79.5,5705,2628,1216,238,769,252,448,154
2017,5762016,        Brakel,12617,75.9,9478,4164,1862,505,1288,497,884,278
2017,5762020,        Höxter,23430,76.2,17712,7314,4099,1042,2221,998,1542,496
2017,5762024,        Marienmünster,4089,80.2,3253,1604,637,185,358,157,243,69
2017,5762028,        Nieheim,4925,79.7,3881,1662,926,180,462,213,341,97
2017,5762032,        Steinheim,10004,76.9,7591,2941,1956,424,970,360,715,225
2017,5762036,        Warburg,18280,77.1,13948,5819,3036,875,1665,892,1297,364
2017,5762040,        Willebadessen,6302,73.8,4580,1943,1088,184,528,249,450,138
2017,5766,"      Lippe, Kreis",268984,75.3,200310,62898,55637,14448,24651,13825,21720,7131
2017,5766004,        Augustdorf,6747,71.8,4740,1753,1110,178,482,254,784,179
2017,57660008008,        Bad Salzuflen,40549,74,29709,9373,7854,1897,4147,2056,3237,1145
2017,5766012,        Barntrup,6768,73.7,4924,1693,1439,288,498,348,518,140
2017,5766016,"        Blomberg, Lippe",12051,76.1,9067,2628,2968,618,1037,691,832,293
2017,5766020,        Detmold,56695,74.9,42035,12735,11306,3744,5068,3481,4153,1548
2017,5766024,        Dörentrup,6304,75.1,4680,1400,1455,341,564,312,437,171
2017,5766028,        Extertal,9436,72.5,6775,2189,1886,370,967,396,742,225
2017,5766032,        Horn-Bad Meinberg,13322,74.4,9776,2998,2767,653,1251,723,989,395
2017,5766036,        Kalletal,11059,74.5,8110,2532,2596,434,843,499,945,261
2017,5766040,"        Lage, Lippe",26425,73.9,19304,6313,5068,1252,2175,1229,2629,638
2017,5766044,        Lemgo,31938,76.7,24224,7504,6705,2102,2902,1624,2464,923
2017,5766048,        Leopoldshöhe,12740,81.1,10235,3372,2719,710,1274,546,1236,378
2017,5766052,        Lügde,7755,76.2,5857,2075,1728,325,668,313,540,208
2017,5766056,        Oerlinghausen,13231,80.2,10509,3210,2819,857,1509,698,1107,309
2017,5766060,        Schieder-Schwalenberg,6737,74.4,4939,1382,1656,326,592,303,524,156
2017,5766064,        Schlangen,7227,76,5426,1741,1561,353,674,352,583,162
2017,5770,"      Minden-Lübbecke, Kreis",241302,73.9,176465,58052,51168,11483,20206,11268,18644,5644
2017,5770004,        Bad Oeynhausen,37099,72.9,26792,8892,7202,1858,3341,1836,2815,848
2017,5770008,        Espelkamp,18182,69.8,12485,4613,2898,577,1187,644,2084,482
2017,5770012,        Hille,12745,79.2,10022,3508,3183,562,1139,551,784,295
2017,5770016,        Hüllhorst,10334,76.9,7884,2735,2273,482,881,470,824,219
2017,5770020,        Lübbecke,19915,73.9,14557,4800,4310,972,1659,946,1450,420
2017,57700024024,"        Minden, Westf",61234,71.8,43569,12340,13979,3251,4599,3320,4599,1481
2017,5770028,        Petershagen,20415,76.9,15583,5219,4741,1012,1822,803,1517,469
2017,5770032,        Porta Westfalica,28643,75.5,21410,6334,6712,1438,2566,1360,2293,707
2017,5770036,        Preußisch Oldendorf,9794,74.9,7250,2498,2063,380,838,426,801,244
2017,5770040,        Rahden,12435,75,9228,3880,2107,492,1131,487,874,257
2017,5770044,        Stemwede,10506,73.9,7685,3233,1700,459,1043,425,603,222
2017,5774,"      Paderborn, Kreis",229056,75,170408,69450,31904,12628,22800,11433,16893,5300
2017,5774004,        Altenbeken,7231,76.5,5486,2222,1113,313,686,365,621,166
2017,5774008,        Bad Lippspringe,11782,71.4,8324,3215,1734,495,1157,577,875,271
2017,5774012,        Borchen,10364,79.6,8187,3285,1640,722,1042,542,743,213
2017,5774016,        Büren,16639,74.4,12280,5413,2446,548,1673,634,1225,341
2017,5774020,        Delbrück,23580,75.9,17758,9250,2595,804,2468,780,1495,366
2017,5774024,        Hövelhof,12597,77.4,9677,4665,1597,593,1253,452,859,258
2017,5774028,"        Lichtenau, Westf",8437,81.4,6807,2976,1351,377,930,345,623,205
2017,5774032,        Paderborn,109650,73.1,79550,28432,15447,7449,10495,6527,8274,2926
2017,5774036,        Salzkotten,19286,78.2,14971,6591,2686,981,2029,881,1434,369
2017,5774040,        Bad Wünnenberg,9490,78.3,7368,3401,1295,346,1067,330,744,185
2017,59,"    Arnsberg, Regierungsbezirk",2674542,74.2,1966424,605944,563541,125879,236897,149369,203537,81257
2017,59110000000,"      Bochum, Kreisfreie Stadt",273708,75.3,204348,50808,62661,17130,21821,20703,21364,9861
2017,59130000000,"      Dortmund, Kreisfreie Stadt",414616,72.3,297339,72789,92937,24892,32596,28430,30707,14988
2017,59140000000,"      Hagen, Kreisfreie Stadt",132850,70.8,93170,26297,27565,4966,11050,6948,11965,4379
2017,59150000000,"      Hamm, Kreisfreie Stadt",126462,72.4,90727,27760,28500,4761,9341,6473,10105,3787
2017,59160000000,"      Herne, Kreisfreie Stadt",111999,70.4,77846,18401,26894,4146,7188,6110,10827,4280
2017,5954,      Ennepe-Ruhr-Kreis,253040,76.5,192048,53959,56750,14849,24942,14887,18847,7814
2017,5954004,        Breckerfeld,7072,79.9,5616,1957,1485,379,760,309,539,187
2017,5954008,        Ennepetal,22839,74.5,16872,5252,4670,1055,2314,1107,1840,634
2017,5954012,        Gevelsberg,23500,75.2,17533,4849,5588,1179,2389,1149,1657,722
2017,5954016,        Hattingen,43625,76.9,33191,9502,9858,2500,4113,2544,3313,1361
2017,5954020,        Herdecke,18970,80.6,15187,4310,4345,1257,2239,1172,1387,477
2017,5954024,        Schwelm,21123,74.4,15603,4617,4240,1094,2209,1230,1621,592
2017,5954028,        Sprockhövel,20478,82.6,16794,5118,4586,1238,2735,1107,1458,552
2017,5954032,        Wetter (Ruhr),21173,77.1,16198,4495,4974,1338,2089,1192,1504,606
2017,59540036036,        Witten,74260,74.8,55054,13859,17004,4809,6094,5077,5528,2683
2017,5958,      Hochsauerlandkreis,202768,76,152814,63651,34865,7198,21919,8183,12216,4782
2017,59580004004,        Arnsberg,56993,73.1,41344,14775,10830,2284,5821,2724,3617,1293
2017,5958008,        Bestwig,7959,76.4,6029,2462,1607,221,764,314,412,249
2017,5958012,        Brilon,20272,75.6,15188,6253,3493,573,2027,898,1459,485
2017,5958016,        Eslohe (Sauerland),6854,79.8,5436,2845,953,174,869,196,262,137
2017,5958020,        Hallenberg,3452,79.1,2700,1328,419,92,473,101,200,87
2017,5958024,        Marsberg,15687,76.2,11833,4492,3179,566,1360,727,1175,334
2017,5958028,        Medebach,6116,77.6,4705,2492,656,144,689,163,335,226
2017,5958032,        Meschede,22664,76.3,17178,7182,3930,912,2411,890,1252,601
2017,5958036,        Olsberg,11583,76.4,8779,3912,1902,383,1190,408,714,270
2017,5958040,        Schmallenberg,19523,79.1,15358,7600,2804,770,2361,595,865,363
2017,5958044,        Sundern (Sauerland),21268,76.7,16181,6695,3485,785,2614,805,1355,442
2017,5958048,        Winterberg,10397,78.4,8083,3615,1607,294,1340,362,570,295
2017,5962,      Märkischer Kreis,304554,72.1,217529,73881,56694,10792,29128,14195,24512,8327
2017,5962004,        Altena,13358,72.9,9668,2991,2898,478,1160,699,1055,387
2017,5962008,        Balve,9023,78.9,7079,3093,1447,323,1122,294,595,205
2017,5962012,        Halver,12164,74.6,8989,3299,2262,509,1144,564,920,291
2017,5962016,        Hemer,25972,71.4,18391,5883,4561,958,2533,1409,2319,728
2017,5962020,        Herscheid,5632,77.9,4356,1527,1137,212,576,224,525,155
2017,59620024024,        Iserlohn,68488,71.8,48707,16058,12366,2482,6263,3576,6059,1903
2017,5962028,        Kierspe,12089,67.5,8077,2767,2145,423,1050,505,907,280
2017,59620032032,        Lüdenscheid,51170,69.6,35249,11462,9811,1719,4563,2514,3695,1485
2017,5962036,        Meinerzhagen,14678,70.6,10255,3592,2439,509,1421,606,1257,431
2017,59620040040,        Menden (Sauerland),40894,73.9,29973,11047,7178,1602,4251,1850,3016,1029
2017,5962044,        Nachrodt-Wiblingwerde,4848,76.4,3681,1199,1015,169,486,223,412,177
2017,5962048,        Neuenrade,8608,77.2,6602,2322,1713,318,966,309,736,238
2017,5962052,        Plettenberg,17844,70.1,12409,4122,3603,447,1683,636,1463,455
2017,5962056,        Schalksmühle,8275,77.6,6381,2173,1707,360,1046,355,520,220
2017,5962060,        Werdohl,11511,67.7,7712,2346,2412,283,864,431,1033,343
2017,5966,"      Olpe, Kreis",102708,76.5,77982,36574,15768,3134,10958,3437,6023,2088
2017,5966004,        Attendorn,17641,76.3,13351,5806,3047,526,1843,756,1017,356
2017,5966008,        Drolshagen,9254,78.4,7204,3705,1111,268,1121,223,599,177
2017,5966012,        Finnentrop,12755,74.5,9415,4662,1869,311,1197,381,711,284
2017,5966016,        Kirchhundem,9252,78.1,7189,3461,1497,295,942,281,516,197
2017,5966020,        Lennestadt,19539,74.4,14427,6135,3747,575,1789,618,1160,403
2017,5966024,        Olpe,18752,76.5,14239,6721,2412,674,2371,655,1058,348
2017,5966028,        Wenden,15515,78.8,12157,6084,2085,485,1695,523,962,323
2017,5970,"      Siegen-Wittgenstein, Kreis",212912,76.2,160959,54648,42551,8857,19125,12624,17154,6000
2017,5970004,        Bad Berleburg,15356,76.9,11720,4325,3549,500,1218,688,1113,327
2017,5970008,"        Burbach, Siegerl",10878,74,7985,3326,1795,355,859,459,893,298
2017,5970012,        Erndtebrück,5678,77.7,4381,1618,1318,167,521,212,416,129
2017,5970016,"        Freudenberg, Westf",14310,79.2,11252,4076,2927,579,1452,690,1146,382
2017,5970020,        Hilchenbach,11714,77.6,9024,2862,2645,464,1124,689,910,330
2017,5970024,        Kreuztal,22676,76,17081,5051,5315,958,1964,1262,1859,672
2017,5970028,        Bad Laasphe,10923,76.2,8260,2937,2478,349,843,519,909,225
2017,5970032,        Netphen,18481,80.7,14747,5593,3334,754,1946,1014,1609,497
2017,5970036,"        Neunkirchen, Siegerl",9784,73.6,7129,2498,1911,302,899,451,837,231
2017,59700040040,        Siegen,76717,73.6,55978,16970,14385,3749,6453,5833,6103,2485
2017,5970044,        Wilnsdorf,16395,82.3,13402,5392,2894,680,1846,807,1359,424
2017,5974,"      Soest, Kreis",232301,75.1,173074,62764,43184,10723,23296,11702,16165,5240
2017,5974004,        Anröchte,8155,77.2,6239,2422,1495,290,882,386,605,159
2017,5974008,        Bad Sassendorf,9649,77.8,7453,2620,1972,386,1124,464,685,202
2017,5974012,        Ense,9772,79.7,7750,3209,1778,414,1081,436,624,208
2017,5974016,        Erwitte,12645,78.1,9804,3567,2316,435,1784,490,956,256
2017,5974020,        Geseke,15811,73.2,11473,4221,2887,569,1477,707,1258,354
2017,5974024,        Lippetal,9458,79.1,7450,3344,1653,390,931,364,573,195
2017,59740028028,        Lippstadt,50792,72.2,36344,12425,9050,2487,4731,2856,3647,1148
2017,5974032,        Möhnesee,9017,77.8,6978,2786,1498,477,1072,453,505,187
2017,5974036,        Rüthen,8315,81.4,6713,2802,1608,325,898,367,537,176
2017,5974040,        Soest,37007,73.5,27030,8453,6780,2270,3679,2222,2654,972
2017,5974044,        Warstein,20410,75.7,15354,5798,4256,888,1885,1006,1098,423
2017,5974048,        Welver,9917,80.7,7952,2876,2075,460,1049,471,774,247
2017,5974052,        Werl,22549,71.3,15934,5892,3888,1007,1926,1063,1630,528
2017,5974056,        Wickede (Ruhr),8804,75.6,6600,2349,1928,325,777,417,619,185
2017,5978,"      Unna, Kreis",306624,75.3,228588,64412,75172,14431,25533,15677,23652,9711
2017,5978004,        Bergkamen,36234,71.8,25783,5829,10163,1314,2310,1679,3196,1292
2017,5978008,        Bönen,13528,75.2,10095,2510,3611,598,1100,675,1093,508
2017,5978012,        Fröndenberg/Ruhr,16708,78,12937,4170,3752,828,1723,823,1147,494
2017,5978016,        Holzwickede,13637,80.3,10860,3201,3193,733,1646,700,982,405
2017,5978020,        Kamen,34040,76.8,25942,6694,9601,1668,2606,1846,2488,1039
2017,59780024024,        Lünen,63707,71.9,45227,11605,15560,2304,4404,3314,5662,2378
2017,5978028,        Schwerte,36660,78.2,28451,8106,8600,2283,3615,2072,2604,1171
2017,5978032,        Selm,20967,73.6,15281,5142,4454,758,1712,964,1745,506
2017,5978036,"        Unna, Stadt",47066,76.1,35512,10187,11285,2830,4196,2518,3179,1317
2017,5978040,        Werne,24077,77.5,18500,6968,4953,1115,2221,1086,1556,601
2013,5,,13253554,72.5,9498157,3776563,3028282,760642,498027,582925,,851718
2013,51,,3779917,71.7,2682250,1035898,864699,198954,150007,174119,,258573
2013,51110000000,,415139,73.3,301717,117028,85006,28844,22964,21210,,26665
2013,5112,,337326,67.4,224447,63774,91892,13717,6935,18635,,29494
2013,51130000000,,428928,71.3,302781,99736,112984,24877,13818,21475,,29891
2013,51140000000,,166103,68.9,113006,43973,35137,9008,7334,7442,,10112
2013,51160000000,,192676,66.2,125942,55030,35447,7792,7414,8080,,12179
2013,51170000000,,126201,75.1,93749,32361,34601,7126,4778,6064,,8819
2013,51190000000,,155788,69.4,106539,31506,44438,6874,3288,8656,,11777
2013,51200000000,,79140,69,53958,21599,16414,3678,3071,3891,,5305
2013,51220000000,,113680,70.9,79705,30582,24056,6614,4950,5335,,8168
2013,51240000000,,246429,69.6,169296,57318,54291,16702,9827,14013,,17145
2013,5154,,225823,71.7,160160,77833,43253,9856,9094,7322,,12802
2013,5154004,,9589,73.7,7000,3575,1805,415,409,249,,547
2013,5154008,,20106,69,13710,5904,4495,850,621,737,,1103
2013,5154012,,25751,72.5,18496,9184,4839,1096,996,889,,1492
2013,5154016,,24422,69.2,16711,8193,4542,938,952,738,,1348
2013,5154020,,9580,78.5,7441,3309,2265,409,419,335,,704
2013,5154024,,10308,70.1,7151,3523,1859,442,415,325,,587
2013,5154028,,10052,77.3,7702,3751,2046,487,436,326,,656
2013,5154032,,21197,73.3,15401,7980,3716,959,910,618,,1218
2013,51540036036,,35602,66,23214,10678,6440,1631,1460,1295,,1710
2013,5154040,,5837,76,4379,2370,1064,266,251,147,,281
2013,5154044,,17018,72,12125,5462,3811,818,554,539,,941
2013,5154048,,5345,80.9,4279,1845,1267,303,308,233,,323
2013,5154052,,11450,75.9,8616,4946,1737,451,534,325,,623
2013,5154056,,6284,74.5,4630,2411,1129,245,266,177,,402
2013,5154060,,6148,76.1,4631,2355,1031,321,348,155,,421
2013,5154064,,7134,66.3,4674,2347,1207,225,215,234,,446
2013,5158,,371057,74.8,274537,115950,80753,20107,17081,14454,,26192
2013,5158004,,34282,75.5,25614,10622,7405,2077,1650,1444,,2416
2013,5158008,,23760,77.2,18161,7616,4944,1518,1430,865,,1788
2013,5158012,,19254,74.3,14113,5763,4493,886,856,779,,1336
2013,51580016016,,42827,74.6,31637,13090,9465,2350,1860,1693,,3179
2013,51580020020,,44975,76.4,34016,15785,9039,2651,2044,1499,,2998
2013,5158024,,29032,75.7,21736,9529,5877,1548,1628,1022,,2132
2013,5158026,,30688,71.6,21719,9054,6443,1555,1048,1285,,2334
2013,51580028028,,69000,76,51953,23269,14423,3621,3832,2453,,4355
2013,51580032032,,60959,72.4,43524,16316,14771,3126,2076,2713,,4522
2013,5158036,,16280,74.8,12064,4906,3893,775,657,701,,1132
2013,5162,,333345,74.7,246425,115691,64594,15362,17367,11574,,21837
2013,51620004004,,47264,73.4,34307,15507,10164,1931,1913,1638,,3154
2013,51620008008,,47127,72.2,33615,15186,9891,1681,2187,1468,,3202
2013,5162012,,17871,74.5,13152,6692,3256,608,914,625,,1057
2013,5162016,,32771,79.7,25925,12772,6086,1716,2090,1148,,2113
2013,5162020,,26672,80.9,21368,10724,5088,1368,1489,871,,1828
2013,51620022022,,41417,80.7,33171,16023,7560,2307,3456,1324,,2501
2013,51620024024,,110190,70.7,77185,35053,20418,5317,4918,4217,,7262
2013,5162028,,10033,77.5,7702,3734,2131,434,400,283,,720
2013,5166,,227631,73.6,165797,76747,44103,11106,10493,8897,,14451
2013,5166004,,12045,72.8,8664,4433,1870,516,682,400,,763
2013,5166008,,12085,75.7,9060,4100,2622,554,528,486,,770
2013,5166012,,27360,77.2,20956,9671,5728,1560,1342,959,,1696
2013,5166016,,30940,71.8,21948,10689,5600,1241,1368,1159,,1891
2013,5166020,,11323,73,8176,3795,2006,567,508,481,,819
2013,5166024,,14454,75.1,10758,5279,2652,739,597,566,,925
2013,5166028,,23205,76.9,17635,7775,4995,1259,1132,930,,1544
2013,51660032032,,57531,68.7,39127,17237,10964,2585,2234,2521,,3586
2013,51660036036,,38688,76.8,29473,13768,7666,2085,2102,1395,,2457
2013,5170,,360651,74,264191,96770,97730,17291,11593,17071,,23736
2013,5170004,,10312,79.5,8107,3833,2333,511,425,360,,645
2013,51700008008,,53203,74.5,39228,12376,15784,2730,1514,3076,,3748
2013,5170012,,21339,78.6,16638,8128,4753,990,964,688,,1115
2013,5170016,,11420,80.4,9117,3350,3347,665,519,530,,706
2013,5170020,,28060,67.5,18723,5475,8669,966,565,1305,,1743
2013,51700024024,,78662,72.9,56697,18617,22623,3673,2265,4001,,5518
2013,5170028,,21301,75.1,15797,5807,6074,1108,590,903,,1315
2013,5170032,,24758,75.8,18559,7220,6352,1348,891,1037,,1711
2013,5170036,,11257,79.4,8863,4079,2552,627,512,364,,729
2013,5170040,,6787,74.7,5033,2493,1285,318,307,220,,410
2013,5170044,,29282,74.4,21587,6639,8826,1323,797,1763,,2239
2013,51700048048,,47285,70.9,33207,12833,11611,2116,1594,2180,,2873
2013,5170052,,16985,75.2,12635,5920,3521,916,650,644,,984
2013,53,,3230011,73.7,2352787,954745,664995,225732,146301,145544,,215470
2013,53140000000,,226487,77.3,173239,62844,44909,23686,14418,10988,,16394
2013,53150000000,,722435,72.5,519398,171386,154707,73400,31284,42054,,46567
2013,53160000000,,117980,72,84009,33172,26993,6486,4373,4919,,8066
2013,5334,,408308,73.2,295502,115056,89329,27705,16349,20750,,26313
2013,5334004,,33438,68.1,22372,8336,8298,1144,755,1559,,2280
2013,5334008,,18976,72.7,13594,6080,4359,703,574,751,,1127
2013,53340012012,,42204,69.6,28944,11167,10505,1358,1285,1925,,2704
2013,5334016,,35523,74,25934,9782,8764,1913,1314,1910,,2251
2013,533400020020,,9470,78.5,7341,3565,1765,619,463,354,,575
2013,533400020024,,6405,83.8,5305,2363,1323,611,323,293,,392
2013,533400020028,,12035,78.1,9280,4762,2263,563,540,462,,690
2013,53340032032,,41618,69.6,28598,11604,9089,1786,1517,1962,,2640
2013,5334036,,28706,73.7,20900,8669,6531,1523,1177,1322,,1678
2013,5334002,,179933,74.7,133234,48728,36432,17485,8401,10212,,11976
2013,5354,,0,0,0,0,0,0,0,0,,0
2013,5354004,,0,0,0,0,0,0,0,0,,0
2013,5354008,,0,0,0,0,0,0,0,0,,0
2013,53340012012,,0,0,0,0,0,0,0,0,,0
2013,5354016,,0,0,0,0,0,0,0,0,,0
2013,5354020,,0,0,0,0,0,0,0,0,,0
2013,5354024,,0,0,0,0,0,0,0,0,,0
2013,5354028,,0,0,0,0,0,0,0,0,,0
2013,5354032,,0,0,0,0,0,0,0,0,,0
2013,5354036,,0,0,0,0,0,0,0,0,,0
2013,5358,,199550,72.9,143471,63532,42549,8729,7102,8120,,13439
2013,5358004,,10127,72.6,7258,3079,2455,295,318,395,,716
2013,5358008,,64105,66.2,41734,17187,12995,2698,1862,2911,,4081
2013,5358012,,3559,76.8,2695,1350,656,113,236,128,,212
2013,5358016,,6904,79.8,5435,2755,1271,376,309,254,,470
2013,5358020,,5588,78.4,4299,1862,1401,213,203,215,,405
2013,5358024,,24966,75.5,18609,8032,5597,1303,1055,1004,,1618
2013,5358028,,14180,77.2,10834,5055,2989,720,568,527,,975
2013,5358032,,11012,79.6,8631,3738,2527,571,463,489,,843
2013,5358036,,10092,74.4,7395,3583,2080,415,330,340,,647
2013,5358040,,7858,75.1,5827,2749,1695,322,240,293,,528
2013,5358044,,8087,77.2,6164,2985,1481,423,387,317,,571
2013,5358048,,10907,75.3,8096,3371,2886,366,312,390,,771
2013,5358052,,8395,74,6133,2807,1690,334,322,337,,643
2013,5358056,,6596,77.9,5074,2406,1419,302,257,239,,451
2013,5358060,,7174,74.7,5287,2573,1407,278,240,281,,508
2013,5362,,344341,73.9,249054,105259,76374,17746,14319,12809,,22547
2013,5362004,,18117,74.4,13136,5926,4292,540,628,545,,1205
2013,53620008008,,43296,70.9,29877,12393,9628,1622,1560,1611,,3063
2013,5362012,,32836,75.8,24489,10067,7345,2346,1382,1262,,2087
2013,5362016,,16051,69.8,10912,4814,3313,524,587,578,,1096
2013,53620020020,,38857,75.2,28640,12727,8618,1967,1767,1260,,2301
2013,53620024024,,37946,74.1,27366,11536,8343,2033,1534,1579,,2341
2013,53620028028,,43858,73,31345,12857,9609,2559,1764,1689,,2867
2013,53620032032,,47208,72.5,33394,13528,10624,2243,1702,1972,,3325
2013,53620036036,,41245,80.6,32705,14467,9280,2743,2460,1292,,2463
2013,5362040,,24927,70.4,17190,6944,5322,1169,935,1021,,1799
2013,5366,,148648,71.7,105152,49317,25697,7062,7527,5532,,10017
2013,5366004,,14401,75.2,10694,5083,2249,833,879,592,,1058
2013,5366008,,6673,75.6,4980,2620,1026,337,371,239,,387
2013,5366012,,3293,78.6,2534,1371,465,110,223,149,,216
2013,53660016016,,42302,68,28404,12534,7557,1863,2066,1610,,2774
2013,5366020,,6385,73.8,4643,2417,976,294,356,196,,404
2013,5366024,,9154,73.1,6599,3111,1577,420,514,353,,624
2013,5366028,,21202,72,15035,6828,3897,1109,928,793,,1480
2013,5366032,,6024,78.2,4663,2524,932,346,301,180,,380
2013,5366036,,10330,71,7264,3695,1608,461,569,355,,576
2013,5366040,,13180,72.8,9474,4137,2687,631,571,462,,986
2013,5366044,,15704,70.1,10862,4997,2723,658,749,603,,1132
2013,5370,,188266,71.5,132639,65417,34895,7336,6543,6915,,11533
2013,5370004,,34728,73.4,25172,12390,6477,1550,1332,1145,,2278
2013,5370008,,8481,73,6110,3613,1244,314,302,219,,418
2013,5370012,,20648,71.3,14485,7130,3604,889,766,825,,1271
2013,5370016,,30964,70.1,21357,11684,4956,1033,1041,1003,,1640
2013,5370020,,27985,67,18466,8074,6011,834,732,1031,,1784
2013,5370024,,5511,73.4,3991,2308,795,201,289,143,,255
2013,5370028,,18341,68.8,12418,4824,4354,656,410,926,,1248
2013,5370032,,6478,77.5,4941,2975,875,251,254,193,,393
2013,5370036,,13144,71.8,9303,4384,2550,549,445,557,,818
2013,5370040,,21986,75.3,16396,8035,4029,1059,972,873,,1428
2013,5374,,209414,72.1,148946,67437,40185,10347,8446,8055,,14476
2013,5374004,,13147,68.8,8933,4103,2598,477,427,466,,862
2013,5374008,,15166,75.9,11368,4587,3452,965,665,657,,1042
2013,53740012012,,38161,69.6,26208,11375,7292,1698,1503,1580,,2760
2013,5374016,,12094,73.4,8751,4065,2273,586,559,488,,780
2013,5374020,,16412,77.3,12562,5785,3309,1048,746,574,,1100
2013,5374024,,10303,73.9,7504,3629,1915,471,383,378,,728
2013,5374028,,8211,68.9,5600,2652,1483,364,291,313,,497
2013,5374032,,13212,72.4,9437,4080,2637,820,507,488,,905
2013,5374036,,16732,72.6,11991,5414,3186,752,784,624,,1231
2013,5374040,,14784,70,10203,4556,2670,679,600,540,,1158
2013,5374044,,14213,64.3,8981,4223,2292,535,434,515,,982
2013,5374048,,20249,73.7,14743,6241,4273,1041,910,808,,1470
2013,5374052,,16730,76.6,12665,6727,2805,911,637,624,,961
2013,5378,,216414,78.2,167720,73278,43721,15113,11676,8473,,15459
2013,53780004004,,83619,78.3,64932,27152,17239,6553,4552,3512,,5924
2013,5378008,,13762,75.4,10267,4343,2909,816,609,551,,1039
2013,5378012,,15505,78.2,12039,5917,2951,997,668,533,,973
2013,5378016,,22056,79.3,17310,7390,4856,1413,1178,865,,1608
2013,5378020,,12113,83.5,10042,4952,2149,868,778,371,,924
2013,5378024,,20437,78.3,15875,7135,4004,1352,1174,706,,1504
2013,5378028,,21430,78.2,16634,6708,4552,1668,1244,843,,1619
2013,5378032,,27492,75.7,20621,9681,5061,1446,1473,1092,,1868
2013,5382,,448168,75.3,333657,148047,85636,28122,24264,16929,,30659
2013,5382004,,17566,77,13384,5914,3130,1442,1062,618,,1218
2013,5382008,,19013,78.3,14734,6387,3598,1442,1411,696,,1200
2013,5382012,,36124,75.4,26981,12216,6456,2346,2117,1341,,2505
2013,5382016,,13964,68.5,9423,3987,2486,687,696,593,,974
2013,5382020,,35483,74.8,26253,11683,6625,2402,1780,1382,,2381
2013,5382024,,30542,78.3,23676,10308,5770,2363,2142,1115,,1978
2013,5382028,,23440,78.8,18267,8326,4664,1751,1157,821,,1548
2013,5382032,,18324,78.3,14170,6805,3310,1023,1162,586,,1284
2013,5382036,,11522,74.8,8517,3901,2033,751,488,482,,862
2013,5382040,,15609,77.4,11991,5345,2864,1067,916,605,,1194
2013,5382044,,27584,77.1,21064,9451,5843,1378,1534,922,,1936
2013,5382048,,20816,77.8,16011,7541,3784,1276,1300,637,,1473
2013,5382052,,7842,71.7,5528,2450,1368,481,327,315,,587
2013,53820056056,,42141,74,30843,13622,8213,2462,2183,1627,,2736
2013,5382060,,29938,72.3,21432,9188,5511,1943,1350,1308,,2132
2013,5382064,,13962,78.2,10793,5284,2530,738,828,403,,1010
2013,53820068068,,53577,71.1,37647,15795,11055,2773,2023,2380,,3621
2013,5382072,,15303,81.4,12318,5783,2780,1030,1263,410,,1052
2013,5382076,,15418,69.7,10625,4061,3616,767,525,688,,968
2013,55,,1973584,73.9,1445136,603045,472813,109548,68580,77689,,113461
2013,55120000000,,89657,71.7,63588,21102,26710,3500,2025,4074,,6177
2013,5130000000,,181476,65.3,116948,32380,51514,6413,3468,8880,,14293
2013,55150000000,,227762,79.1,178802,67626,48579,27118,12119,11254,,12106
2013,5554,,275979,74.9,205201,109507,52647,11980,10762,7711,,12594
2013,5554004,,28787,75.4,21549,11771,5219,1258,1228,778,,1295
2013,55540008008,,55454,74.1,40794,20350,12016,2456,1895,1641,,2436
2013,5554012,,31859,75,23726,13038,5478,1487,1440,876,,1407
2013,5554016,,13141,75.9,9896,4967,2724,676,484,403,,642
2013,5554020,,32438,65.1,20923,9702,6588,950,991,1088,,1604
2013,5554024,,6195,78.5,4826,3119,938,183,208,132,,246
2013,5554028,,6329,80,5037,2844,1210,289,253,150,,291
2013,5554032,,7909,74.9,5873,2802,1889,327,275,267,,313
2013,5554036,,5138,77.5,3946,2356,787,232,222,143,,206
2013,5554040,,8780,80.7,7041,4049,1541,405,358,227,,461
2013,5554044,,11237,75,8366,4656,1876,481,427,295,,631
2013,5554048,,14787,79.6,11686,6173,3080,909,483,403,,638
2013,5554052,,4773,78,3688,2207,724,219,198,123,,217
2013,5554056,,15259,78.1,11789,6508,2741,635,782,390,,733
2013,5554060,,6732,78.9,5270,3221,1029,272,345,127,,276
2013,5554064,,10050,77.8,7782,4374,1779,444,451,257,,477
2013,5554068,,17111,76.8,13009,7370,3028,757,722,411,,721
2013,5558,,170708,78.3,132562,66480,34086,10576,7402,5522,,8496
2013,5558004,,11734,78.6,9152,4919,2183,588,568,322,,572
2013,5558008,,9017,80.8,7253,3649,1746,724,461,273,,400
2013,5558012,,28801,76.5,21828,10989,5790,1828,1167,831,,1223
2013,5558016,,36029,76.7,27412,13659,7464,1837,1409,1231,,1812
2013,5558020,,9072,81.9,7373,3370,1906,884,424,315,,474
2013,5558024,,18716,77.6,14413,7121,3578,1289,827,628,,970
2013,5558028,,7885,80.5,6310,3151,1629,459,309,251,,511
2013,5558032,,15239,80,12118,5728,3237,1045,751,544,,813
2013,5558036,,9938,77.8,7659,3792,2023,496,393,385,,570
2013,5558040,,8383,81,6729,3976,1465,363,341,220,,364
2013,5558044,,15894,78,12315,6126,3065,1063,752,522,,787
2013,5562,,480075,71.6,339551,117899,134538,20074,11983,21824,,33233
2013,55620004004,,58673,70.1,40619,13055,16986,2462,1280,2796,,4040
2013,5562008,,26875,70.5,18712,6492,7371,1128,669,1165,,1887
2013,5562012,,60957,73.5,44271,18092,15233,2621,1795,2501,,4029
2013,55620014014,,55447,70.5,38629,11827,16857,1877,1275,2578,,4215
2013,5562016,,30440,79.4,23931,10732,7358,1894,1125,1067,,1755
2013,55620020020,,45853,71.3,32248,10480,13591,1717,1021,2185,,3254
2013,55620024024,,66315,69.5,45466,14738,19408,2277,1531,2991,,4521
2013,5562028,,22021,70.8,15367,4640,6650,844,467,1093,,1673
2013,55620032032,,89964,71,63118,21623,24646,4088,2191,4348,,6222
2013,5562036,,23530,73.9,17190,6220,6438,1166,629,1100,,1637
2013,5566,,337572,75.3,251951,114287,79130,18582,12335,11566,,16051
2013,5566004,,7812,81.9,6341,3011,1606,720,357,283,,364
2013,5566008,,27379,76.9,20893,9228,6652,1777,938,1019,,1279
2013,5566012,,27519,72.7,19820,8405,6087,1725,1054,1143,,1406
2013,5566016,,15153,77.6,11670,6176,3265,674,454,422,,679
2013,5566020,,5678,80,4506,2585,1142,160,269,102,,248
2013,5566024,,4973,81.4,4016,2140,1034,268,193,157,,224
2013,5566028,,39632,75.1,29475,12077,10850,2035,1170,1471,,1872
2013,5566032,,5138,78.3,3992,1703,1272,330,304,167,,216
2013,5566036,,4872,81.4,3914,1944,945,381,268,156,,220
2013,5566040,,16809,69.9,11611,4267,4472,908,580,577,,807
2013,5566044,,6748,76.4,5109,2131,1734,458,264,229,,293
2013,5566048,,10562,69.8,7315,2687,2730,552,381,381,,584
2013,5566052,,4857,78.6,3794,2068,999,207,142,123,,255
2013,5566056,,9370,78.9,7329,3361,2551,514,286,264,,353
2013,5566060,,10442,77.4,8046,4293,2113,539,337,287,,477
2013,5566064,,7219,79.2,5668,2956,1438,406,301,206,,361
2013,5566068,,14343,76.2,10838,5354,3244,624,583,408,,625
2013,5566072,,8896,79.2,6997,3562,2145,468,227,219,,376
2013,5566076,,57521,71.9,40983,18990,12573,2496,1997,2118,,2809
2013,5566080,,5306,80,4209,2131,1075,375,192,197,,239
2013,55660084084,,25708,74.1,18842,8080,5779,1669,1093,878,,1343
2013,5566088,,6945,79.2,5461,2211,1824,502,323,251,,350
2013,5566092,,8774,73.5,6367,2205,2525,503,380,323,,431
2013,5566096,,5916,80.9,4755,2722,1075,291,242,185,,240
2013,5570,,210355,75.2,156533,73764,45609,11305,8486,6858,,10511
2013,55700004004,,37823,71.5,26721,10763,10091,1343,1062,1400,,2062
2013,5570008,,27836,70.1,19283,8117,6591,1268,893,956,,1458
2013,5570012,,4661,74.4,3422,1774,754,286,195,134,,279
2013,5570016,,12182,80.3,9717,4817,2504,851,546,427,,572
2013,5570020,,15585,73.6,11338,5293,3491,634,593,528,,799
2013,5570024,,7280,81.5,5897,2884,1513,491,442,236,,331
2013,5570028,,22358,77,17024,8155,5053,1259,873,618,,1066
2013,5570032,,8022,78,6212,3354,1298,472,521,219,,348
2013,5570036,,10482,73.5,7629,4012,1891,486,409,318,,513
2013,5570040,,10255,77.3,7835,3855,2081,526,469,355,,549
2013,5570044,,14999,79.9,11921,5824,2837,1370,783,472,,635
2013,5570048,,9808,77.5,7543,3965,1852,509,402,301,,514
2013,5570052,,29064,76.4,21991,10951,5653,1810,1298,894,,1385
2013,57,,1551211,71.9,1103017,471638,341903,88517,50624,63052,,87283
2013,57110000000,,238358,72.5,170880,60120,55842,19883,6765,14496,,13774
2013,5754,,262477,72.6,188556,87417,53770,14915,9253,9347,,13854
2013,5754004,,6669,72.6,4802,1895,1528,463,250,306,,360
2013,57540008008,,71358,70.3,49565,20319,15600,4421,2260,3009,,3956
2013,5754012,,16158,74,11848,4883,3854,1127,517,581,,886
2013,5754016,,17279,72.5,12390,6309,3312,865,500,490,,914
2013,5754020,,11913,74.1,8730,4547,2160,574,457,354,,638
2013,5754024,,6276,75.7,4703,2407,1165,298,270,217,,346
2013,5754028,,33153,72.7,23825,11293,6562,1831,1326,1187,,1626
2013,5754032,,21379,74.4,15756,9187,3344,897,787,518,,1023
2013,5754036,,20060,74.3,14745,7478,3719,939,727,642,,1240
2013,5754040,,15422,75.1,11473,4969,3504,1074,562,627,,737
2013,5754044,,18370,74.3,13476,7283,3149,867,766,508,,903
2013,5754048,,15619,68.5,10575,4269,3784,731,541,535,,715
2013,5754052,,8821,76.4,6668,2578,2089,828,290,373,,510
2013,5758,,193511,71.1,136036,52974,48056,10359,5609,7999,,11039
2013,5758004,,34930,69.9,24127,9474,8478,1839,1031,1403,,1902
2013,5758008,,15723,73.6,11407,4345,4112,1015,447,617,,871
2013,57580012012,,49004,67.8,32821,13265,10612,2522,1420,2156,,2846
2013,5758016,,15936,74.9,11804,4527,4440,874,499,601,,863
2013,5758020,,12675,74,9278,3640,3410,642,361,510,,715
2013,5758024,,30835,70.1,21334,8097,7939,1433,739,1358,,1768
2013,5758028,,7690,74.6,5681,2043,2233,397,247,301,,460
2013,5758032,,11794,76.2,8891,3236,3264,818,370,481,,722
2013,5758036,,14924,72.4,10693,4347,3568,819,495,572,,892
2013,5762,,114147,73.7,83050,42941,21246,4537,4193,3716,,6417
2013,5762004,,14870,71.3,10466,5277,2465,555,646,584,,939
2013,5762008,,11050,72.4,7883,4141,2076,389,421,334,,522
2013,5762012,,7322,76.6,5526,3103,1239,244,289,205,,446
2013,5762016,,12724,74.6,9360,5189,2165,466,456,396,,688
2013,5762020,,23999,73.6,17450,8756,4788,1026,855,817,,1208
2013,5762024,,4140,78.8,3234,1913,717,172,99,112,,221
2013,5762028,,5037,76.9,3822,1925,1075,187,197,156,,282
2013,5762032,,10053,75.1,7441,3431,2318,464,335,352,,541
2013,5762036,,18517,73.1,13364,6824,3255,848,688,564,,1185
2013,5762040,,6435,71,4504,2382,1148,186,207,196,,385
2013,5766,,271671,72.7,195142,76355,68044,14852,8928,10547,,16416
2013,5766004,,6699,67.8,4446,2222,1280,181,183,199,,381
2013,57660008008,,40882,72,29087,11630,9817,1887,1618,1605,,2530
2013,5766012,,6972,70.3,4843,1987,1721,292,223,255,,365
2013,5766016,,12211,73.5,8868,3024,3687,661,326,458,,712
2013,5766020,,57222,72.3,40929,15426,14024,3784,1870,2579,,3246
2013,5766024,,6445,71.9,4581,1680,1701,364,207,256,,373
2013,5766028,,9596,70.3,6664,2609,2362,400,294,363,,636
2013,5766032,,13514,73.3,9759,3701,3419,712,464,609,,854
2013,5766036,,11374,73.1,8217,3288,3069,504,281,403,,672
2013,5766040,,26767,71.3,18817,7648,6432,1257,820,927,,1733
2013,5766044,,32054,72.8,23039,8988,7919,2109,1001,1159,,1863
2013,5766048,,12714,78.6,9876,4049,3354,730,361,454,,928
2013,5766052,,7947,73.1,5763,2454,1981,342,261,263,,462
2013,5766056,,13315,77.4,10202,3873,3521,919,567,489,,833
2013,5766060,,6923,73.3,4989,1740,1980,374,239,253,,403
2013,5766064,,7036,72.7,5062,2036,1777,336,213,275,,425
2013,5770,,243969,70.4,169950,69915,58034,12465,7829,8524,,13183
2013,5770004,,37464,69.8,25924,10781,8498,1938,1189,1410,,2108
2013,5770008,,18395,64.6,11718,6026,3290,575,395,515,,917
2013,5770012,,12851,77.2,9815,4021,3563,654,536,402,,639
2013,5770016,,10328,74.4,7608,3258,2692,431,292,321,,614
2013,5770020,,20052,70.3,13951,5751,4929,955,577,705,,1034
2013,57700024024,,62100,68.6,42150,14968,15446,3854,1912,2627,,3343
2013,5770028,,20805,72.8,14999,6189,5305,1141,639,628,,1097
2013,5770032,,28655,72.6,20552,7506,7707,1565,1044,988,,1742
2013,5770036,,9979,70.3,6911,3083,2224,406,349,327,,522
2013,5770040,,12559,70.6,8766,4462,2397,486,442,332,,647
2013,5770044,,10781,70.7,7556,3870,1983,460,454,269,,520
2013,5774,,227078,71,159403,81916,36911,11506,8047,8423,,12600
2013,5774004,,7330,72,5232,2748,1274,289,259,271,,391
2013,5774008,,11517,68.8,7822,3782,2004,444,436,577,,579
2013,5774012,,10283,75.9,7726,3835,1899,711,344,374,,563
2013,5774016,,16804,70.1,11623,6369,2738,550,578,506,,882
2013,5774020,,23154,71.5,16373,10411,2851,755,829,569,,958
2013,5774024,,12214,73.3,8855,5170,1803,501,406,358,,617
2013,5774028,,8502,77.1,6477,3512,1451,351,340,264,,559
2013,5774032,,108727,69.3,74483,34555,18396,6682,3777,4633,,6440
2013,5774036,,19066,74.2,13984,7602,3087,898,719,604,,1074
2013,5774040,,9481,72.7,6828,3932,1408,325,359,267,,537
2013,59,,2718831,71.2,1914967,711237,683872,137891,82515,122521,,176931
2013,59110000000,,279860,72.3,199908,59659,79434,18334,7227,15896,,19358
2013,59130000000,,420647,68.1,283487,82316,111863,27155,11246,22221,,28686
2013,59140000000,,136908,67.1,90703,31370,33795,5948,3874,6410,,9306
2013,59150000000,,128218,69.7,88387,33474,33562,5226,3424,5509,,7192
2013,59160000000,,115053,68.3,77407,21938,34208,4608,2163,6288,,8202
2013,5954,,257169,73.9,187892,63986,70531,15929,8707,11908,,16831
2013,5954004,,7121,77,5443,2198,1808,412,270,265,,490
2013,5954008,,23272,72.1,16581,6246,5743,1062,855,1008,,1667
2013,5954012,,24136,73.3,17511,5894,6910,1204,803,1054,,1646
2013,5954016,,44360,74.4,32564,11572,12312,2704,1360,1911,,2705
2013,5954020,,19006,77,14503,4868,5320,1370,824,913,,1208
2013,5954024,,21466,71.6,15208,5620,5124,1180,802,1083,,1399
2013,5954028,,20563,79.7,16256,5935,5636,1434,984,873,,1394
2013,5954032,,21501,74.5,15768,5167,6401,1336,719,877,,1268
2013,59540036036,,75744,72.2,54058,16486,21277,5227,2090,3924,,5054
2013,5958,,205948,73.7,150046,74530,42054,7161,7625,7055,,11621
2013,59580004004,,57894,70.7,40538,17266,13534,2203,2041,2219,,3275
2013,5958008,,8225,73.4,5966,2865,1942,220,237,250,,452
2013,5958012,,20491,73.9,14955,7421,4157,611,752,761,,1253
2013,5958016,,6916,77.4,5296,3234,1089,183,335,135,,320
2013,5958020,,3551,74.8,2610,1635,438,79,134,87,,237
2013,5958024,,15934,72.3,11371,5276,3575,623,465,650,,782
2013,5958028,,6176,74.5,4526,2804,784,136,218,134,,450
2013,5958032,,22941,75.1,17051,8493,4829,846,877,810,,1196
2013,5958036,,11715,74.6,8639,4517,2303,409,407,351,,652
2013,5958040,,19704,76.4,14900,8785,3134,742,746,526,,967
2013,5958044,,21664,75.7,16197,8057,4345,794,885,805,,1311
2013,5958048,,10737,75.4,7997,4177,1924,315,528,327,,726
2013,5962,,313028,70,216517,89552,69679,12493,10400,12629,,21764
2013,5962004,,14040,71,9865,3773,3551,555,368,649,,969
2013,5962008,,9161,75.3,6839,3530,1712,338,352,309,,598
2013,5962012,,12402,72.7,8920,3853,2629,615,477,529,,817
2013,5962016,,26236,69.9,18158,7061,5702,1089,767,1310,,2229
2013,5962020,,5795,74.8,4291,1734,1394,267,210,230,,456
2013,59620024024,,70309,69.8,48490,19463,15655,2702,2222,3164,,5284
2013,5962028,,12244,66.6,8053,3433,2456,539,434,468,,723
2013,59620032032,,52953,67.6,35330,14031,11786,2141,1794,2138,,3440
2013,5962036,,14982,67.9,10089,4466,3077,546,591,478,,931
2013,59620040040,,41946,71,29469,13226,8657,1777,1333,1598,,2878
2013,5962044,,4917,75.4,3663,1528,1272,213,130,200,,320
2013,5962048,,8759,74.9,6491,2901,2060,357,280,288,,605
2013,5962052,,18651,68,12544,5036,4606,533,678,534,,1157
2013,5962056,,8463,75,6274,2499,2019,414,463,323,,556
2013,5962060,,12170,67,8041,3018,3103,407,301,411,,801
2013,5966,,103997,73.7,75958,41421,18641,3204,3725,2947,,6020
2013,5966004,,17868,73.1,12924,6517,3567,572,604,612,,1052
2013,5966008,,9278,75.8,6972,4281,1218,287,388,208,,590
2013,5966012,,13123,71.6,9299,5199,2224,340,404,336,,796
2013,5966016,,9368,74.6,6925,3805,1693,327,318,279,,503
2013,5966020,,20047,71.1,14123,6730,4415,592,643,611,,1132
2013,5966024,,18856,74.8,13979,7848,3098,681,839,484,,1029
2013,5966028,,15457,76.6,11736,7041,2426,405,529,417,,918
2013,5970,,215751,72.6,154896,64307,49563,9937,7327,8920,,14842
2013,5970004,,15818,72.4,11332,4618,4126,555,444,579,,1010
2013,5970008,,11089,71.4,7831,4004,2106,355,297,316,,753
2013,5970012,,5827,72.9,4191,1747,1466,215,193,182,,388
2013,5970016,,14518,75.6,10867,4691,3370,715,576,468,,1047
2013,5970020,,11910,75,8852,3424,3086,583,418,497,,844
2013,5970024,,23200,72.7,16697,6150,6106,1096,789,948,,1608
2013,5970028,,11288,72.1,8038,3288,2811,385,353,421,,780
2013,5970032,,18600,77.8,14290,6943,3827,892,650,676,,1302
2013,5970036,,10110,69.5,6943,3081,2168,338,386,309,,661
2013,59700040040,,76809,69.7,52924,19957,17109,4118,2509,3968,,5263
2013,5970044,,16582,78.6,12931,6404,3388,685,712,556,,1186
2013,5974,,232311,72.3,166146,74380,50439,11565,8218,8721,,12823
2013,5974004,,8333,73.6,6057,2974,1670,340,338,307,,428
2013,5974008,,9509,75.8,7136,3038,2293,480,375,366,,584
2013,5974012,,9622,77.4,7397,3720,2098,415,338,309,,517
2013,5974016,,12504,76.1,9427,4386,2703,488,699,409,,742
2013,5974020,,15546,68.9,10579,4795,3244,602,526,558,,854
2013,5974024,,9443,77.8,7259,3885,1817,460,318,279,,500
2013,59740028028,,50775,68.1,34178,14796,10492,2593,1753,1826,,2718
2013,5974032,,8943,76.4,6792,3337,1759,495,392,335,,474
2013,5974036,,8454,78.2,6556,3334,1814,354,291,306,,457
2013,5974040,,36721,70.8,25745,10256,8163,2301,1235,1718,,2072
2013,5974044,,21172,74.2,15544,6779,5300,1026,644,761,,1034
2013,5974048,,9994,78.9,7797,3328,2480,585,362,400,,642
2013,5974052,,22434,69.2,15317,6995,4511,1075,678,824,,1234
2013,5974056,,8861,72.6,6362,2757,2095,351,269,323,,567
2013,5978,,309941,72.9,223620,74304,90103,16331,8579,14017,,20286
2013,5978004,,36833,69.4,25254,6591,12290,1503,747,1622,,2501
2013,5978008,,13592,73.5,9898,2750,4512,703,380,604,,949
2013,5978012,,16740,75.4,12507,4782,4354,983,584,726,,1078
2013,5978016,,13607,78.3,10568,3735,3898,785,549,594,,1007
2013,5978020,,34663,74.4,25529,7435,11296,1890,824,1685,,2399
2013,59780024024,,64718,69.9,44666,13842,19262,2674,1466,2987,,4435
2013,5978028,,37185,76.4,28138,9676,10504,2493,1249,1770,,2446
2013,5978032,,21129,70,14661,5801,5104,857,574,1064,,1261
2013,5978036,,47448,73.9,34721,11825,13165,3210,1517,2126,,2878
2013,5978040,,24026,74.4,17678,7867,5718,1233,689,839,,1332
2009,5,,13288291,71.4,9389412,3111478,2678956,945831,1394554,789814,,468779
2009,51,,3811666,70.1,2643686,845318,766154,260111,400911,234708,,136484
2009,51110000000,,414125,71.1,291881,93653,70498,36864,52251,25206,,13409
2009,5112,,345343,64.8,220779,55446,84261,18700,20581,27618,,14173
2009,51130000000,,435602,69.7,300511,81792,105066,30931,36829,29171,,16722
2009,51140000000,,168093,68.1,113221,36939,31185,12239,17769,9765,,5324
2009,51160000000,,194294,63.9,122746,43020,30018,10876,22148,10241,,6443
2009,51170000000,,128222,73.7,93512,25492,31957,9624,13363,8725,,4351
2009,51190000000,,158666,68.5,107222,25819,42348,9596,10699,12460,,6300
2009,51200000000,,81358,68.9,55429,17994,15426,4825,8726,5419,,3039
2009,51220000000,,114569,70.1,79444,25044,20814,8433,13264,7480,,4409
2009,51240000000,,250614,68.2,168699,49182,45873,21384,23547,18901,,9812
2009,5154,,226029,70.1,156739,66161,36810,12355,25249,9566,,6598
2009,5154004,,9505,72.4,6811,3003,1489,574,1180,295,,270
2009,5154008,,20698,66.3,13549,5230,4041,985,1706,1078,,509
2009,5154012,,25688,70.7,17996,7439,4006,1329,3321,1149,,752
2009,5154016,,24223,68.2,16309,7004,3639,1201,2642,1062,,761
2009,5154020,,9552,78.3,7417,2899,1983,493,1172,513,,357
2009,5154024,,10407,68.2,7005,3107,1515,518,1127,438,,300
2009,5154028,,10015,76.7,7604,2992,1810,617,1387,474,,324
2009,5154032,,21108,71.2,14866,6793,3013,1130,2548,746,,636
2009,51540036036,,35742,64.6,22830,9209,5736,2125,3473,1418,,869
2009,5154040,,5849,74.7,4309,2077,1020,304,574,165,,169
2009,5154044,,16993,70.5,11861,4506,3293,1141,1591,814,,516
2009,5154048,,5272,78.8,4112,1519,1053,389,658,301,,192
2009,5154052,,11364,73.8,8310,4188,1395,540,1527,358,,302
2009,5154056,,6286,73.4,4560,2120,939,292,766,255,,188
2009,5154060,,6038,75.3,4506,1906,814,418,936,206,,226
2009,5154064,,7289,65.2,4694,2169,1064,299,641,294,,227
2009,5158,,372852,73.3,270531,93052,69507,26754,47655,20250,,13313
2009,5158004,,34694,74.8,25680,8537,6436,2976,4572,1953,,1206
2009,5158008,,23470,76.1,17658,6025,4249,1905,3610,1113,,756
2009,5158012,,19483,72.9,14042,4828,3856,1217,2224,1193,,724
2009,51580016016,,41422,74.5,30565,10122,7989,3113,5594,2223,,1524
2009,51580020020,,44875,72.8,32386,12731,7051,3383,5709,1944,,1568
2009,5158024,,29346,74.1,21469,7545,5075,2054,4418,1339,,1038
2009,5158026,,30643,70.5,21344,7093,5967,1973,3178,1839,,1294
2009,51580028028,,70103,74.2,51621,18732,12448,4931,10052,3301,,2157
2009,51580032032,,62310,71.1,43757,13436,13052,4186,6376,4255,,2452
2009,5158036,,16506,73.4,12009,4003,3384,1016,1922,1090,,594
2009,5162,,331783,72.9,239269,91041,55116,19937,46391,14568,,12216
2009,51620004004,,47014,72.3,33524,12472,8783,2529,5466,2131,,2143
2009,51620008008,,47132,69.6,32382,12025,8932,2081,5681,1945,,1718
2009,5162012,,17758,71.8,12613,4990,2793,829,2646,770,,585
2009,5162016,,32549,78.6,25390,10036,5070,2338,5352,1318,,1276
2009,5162020,,26269,78.9,20543,8087,4166,1683,4495,1143,,969
2009,51620022022,,41257,79.3,32476,12509,6275,2954,7954,1582,,1202
2009,51620024024,,109790,68.8,74850,27976,17164,6995,13553,5242,,3920
2009,5162028,,10014,75.7,7491,2946,1933,528,1244,437,,403
2009,5166,,227805,72.2,162708,61723,36743,14433,30071,11935,,7803
2009,5166004,,12009,72.1,8572,3480,1558,662,1885,553,,434
2009,5166008,,12002,74.7,8858,3256,2267,726,1479,710,,420
2009,5166012,,27570,75.3,20564,7755,4937,2037,3576,1372,,887
2009,5166016,,31214,70.4,21716,8540,4516,1749,4265,1574,,1072
2009,5166020,,11350,71.8,8079,2883,1774,731,1574,679,,438
2009,5166024,,14473,73,10461,4009,2107,1059,2027,761,,498
2009,5166028,,23544,74.8,17438,6414,4410,1632,2977,1245,,760
2009,51660032032,,57229,67.6,38290,14137,9128,3181,6657,3225,,1962
2009,51660036036,,38414,75.5,28730,11249,6046,2656,5631,1816,,1332
2009,5170,,362311,72.8,260995,78960,90532,23160,32368,23403,,12572
2009,5170004,,10360,77.7,7954,3213,2040,645,1247,480,,329
2009,51700008008,,53617,73.7,39083,9893,15341,3756,4350,3851,,1892
2009,5170012,,21202,77.4,16267,6646,4086,1338,2606,941,,650
2009,5170016,,11293,78.8,8855,2640,3139,800,1258,653,,365
2009,5170020,,28376,67.1,18812,4554,8226,1322,1681,1999,,1030
2009,51700024024,,79848,71.6,56532,14752,21363,5092,6850,5599,,2876
2009,5170028,,21395,74.1,15672,4751,5689,1459,1727,1277,,769
2009,5170032,,24829,74.4,18244,5851,5477,1872,2529,1643,,872
2009,5170036,,11041,76.9,8425,3375,2160,763,1257,526,,344
2009,5170040,,6689,73.9,4894,2190,1062,388,727,318,,209
2009,5170044,,29662,73.2,21494,5484,8484,1908,2175,2278,,1165
2009,51700048048,,47253,69.5,32503,10555,10439,2728,4218,2980,,1583
2009,5170052,,16746,74,12260,5056,3026,1089,1743,858,,488
2009,53,,3195322,72.5,2290617,770475,560852,274085,391041,180213,,113951
2009,53140000000,,219218,76.4,165919,51654,37387,26573,31483,11624,,7198
2009,53150000000,,703424,70.6,492274,132283,126700,88310,76764,44508,,23709
2009,53160000000,,118130,71.1,82926,27012,22740,8610,12775,6977,,4812
2009,5334,,0,0,0,0,0,0,0,0,,
2009,5334004,,33720,65.3,21674,6408,7280,1299,2881,2284,,1522
2009,5334008,,18755,70.6,13034,5366,3274,853,1738,1135,,668
2009,53340012012,,42132,67.2,27893,8543,9536,1732,3873,2707,,1502
2009,5334016,,35739,72.5,25531,7726,7370,2430,3715,2787,,1503
2009,533400020020,,9697,77.5,7415,3086,1405,793,1236,597,,298
2009,533400020024,,6392,81.9,5176,1747,1220,688,865,428,,228
2009,533400020028,,12040,77.5,9210,3934,1813,725,1628,684,,426
2009,53340032032,,41762,68.3,28161,9420,8230,2231,4245,2573,,1462
2009,5334036,,28309,73.2,20426,6832,5853,1740,3337,1731,,933
2009,5334002,,176885,73.6,129017,41146,28937,20765,19464,10911,,7794
2009,5354,,228546,70.4,158520,53062,45981,12491,23518,14926,,8542
2009,5354004,,0,0,0,0,0,0,0,0,,0
2009,5354008,,0,0,0,0,0,0,0,0,,0
2009,53340012012,,0,0,0,0,0,0,0,0,,0
2009,5354016,,0,0,0,0,0,0,0,0,,0
2009,5354020,,0,0,0,0,0,0,0,0,,0
2009,5354024,,0,0,0,0,0,0,0,0,,0
2009,5354028,,0,0,0,0,0,0,0,0,,0
2009,5354032,,0,0,0,0,0,0,0,0,,0
2009,5354036,,0,0,0,0,0,0,0,0,,0
2009,5358,,199907,72.1,142079,53597,36209,11102,21383,11924,,7864
2009,5358004,,10086,72.7,7230,2467,2277,413,972,682,,419
2009,5358008,,64726,65.9,42007,15363,11102,3430,5597,4059,,2456
2009,5358012,,3592,76.8,2719,1174,539,183,529,177,,117
2009,5358016,,6955,78.7,5416,2364,982,442,914,466,,248
2009,5358020,,5506,77.5,4205,1477,1308,219,620,351,,230
2009,5358024,,25028,73.9,18255,6816,4545,1652,2857,1446,,939
2009,5358028,,14063,76.4,10620,4120,2422,969,1852,732,,525
2009,5358032,,10861,76.8,8228,3057,2154,635,1210,693,,479
2009,5358036,,10156,73.8,7402,3036,1786,548,1045,591,,396
2009,5358040,,7819,74.4,5739,2228,1453,406,831,455,,366
2009,5358044,,8043,74.7,5921,2354,1156,529,1216,400,,266
2009,5358048,,10872,74.1,7947,2766,2610,446,1026,623,,476
2009,5358052,,8468,73.5,6137,2304,1450,446,1063,507,,367
2009,5358056,,6694,76.4,5058,1937,1230,373,875,342,,301
2009,5358060,,7038,75.1,5195,2134,1195,411,776,400,,279
2009,5362,,341857,73.5,247914,84794,67998,23085,41256,18270,,12511
2009,5362004,,18197,71.8,12913,4813,3954,734,1914,768,,730
2009,53620008008,,43523,70.8,30355,10119,8699,2213,4972,2500,,1852
2009,5362012,,32776,74.6,24147,8409,6313,2903,3678,1712,,1132
2009,5362016,,15877,69.6,10883,3879,3020,693,1850,779,,662
2009,53620020020,,38875,75.2,28893,9973,7890,2604,5253,1857,,1316
2009,53620024024,,37162,73.5,26984,9048,7367,2685,4446,2193,,1245
2009,53620028028,,42483,73.3,30791,10340,8696,3091,4997,2289,,1378
2009,53620032032,,47047,71.9,33384,10809,9414,3132,5332,2875,,1822
2009,53620036036,,41128,79.8,32468,11790,7922,3588,5984,1810,,1374
2009,5362040,,24789,70.2,17096,5614,4723,1442,2830,1487,,
2009,5366,,148942,70.5,103357,39657,21783,8177,20250,8083,,5407
2009,5366004,,14548,74.6,10710,4325,1892,965,2271,729,,528
2009,5366008,,6789,74.8,4983,2170,874,384,941,387,,227
2009,5366012,,3351,78.2,2561,1123,389,174,565,193,,117
2009,53660016016,,42292,65.6,27336,9770,6188,2169,5373,2296,,1540
2009,5366020,,6587,73.4,4735,1939,859,337,1003,371,,226
2009,5366024,,9295,72.9,6672,2551,1315,489,1395,538,,384
2009,5366028,,21155,70.5,14700,5389,3375,1275,2678,1212,,771
2009,5366032,,6082,77.5,4644,2090,765,420,889,261,,219
2009,5366036,,10474,70.3,7260,3040,1286,551,1516,569,,298
2009,5366040,,12727,71.9,9017,3113,2424,600,1667,694,,519
2009,5366044,,15642,69.7,10739,4147,2416,813,1952,833,,578
2009,5370,,187605,70.2,129838,53888,27877,9307,21315,10638,,6813
2009,5370004,,34678,71.2,24379,9579,5150,2073,4576,1680,,1321
2009,5370008,,8485,71,5919,3048,971,371,933,325,,271
2009,5370012,,20580,71,14378,6068,2960,1096,2268,1235,,751
2009,5370016,,30823,69,20911,9887,3717,1346,3358,1601,,1002
2009,5370020,,28052,66.6,18382,6892,4784,1221,2551,1818,,1116
2009,5370024,,5567,72,3955,2077,651,242,639,197,,149
2009,5370028,,18373,68.8,12451,4149,3762,795,1516,1452,,777
2009,5370032,,6471,75.6,4803,2616,608,305,793,268,,213
2009,5370036,,12603,70.6,8782,3558,1888,631,1441,809,,455
2009,5370040,,21973,73,15878,6014,3386,1227,3240,1253,,758
2009,5374,,211963,71.1,148436,56807,35604,12826,25007,11070,,7122
2009,5374004,,13372,69.5,9136,3628,2297,610,1506,655,,440
2009,5374008,,15276,74.7,11275,3890,3094,1131,1704,935,,521
2009,53740012012,,38740,68.8,26246,9741,6471,2230,4270,2266,,1268
2009,5374016,,12279,71.6,8679,3384,1967,773,1515,589,,451
2009,5374020,,16443,75.6,12318,4924,2689,1300,2097,781,,527
2009,5374024,,10338,72.5,7389,3012,1690,604,1238,510,,335
2009,5374028,,8388,69.4,5740,2192,1436,409,991,472,,240
2009,5374032,,13261,70.4,9201,3332,2341,870,1499,700,,459
2009,5374036,,17316,72.1,12311,4577,2877,986,2289,840,,742
2009,5374040,,14968,68.7,10118,3678,2390,834,1918,791,,507
2009,5374044,,14326,63.3,8900,3626,2080,704,1294,747,,449
2009,5374048,,20382,72.1,14461,5058,3792,1310,2539,1075,,687
2009,5374052,,16874,76,12662,5765,2480,1065,2147,709,,496
2009,5378,,215582,77.3,165128,58572,38415,18582,31480,10832,,7247
2009,53780004004,,83186,77.3,63723,22138,15289,7921,11499,4223,,2653
2009,5378008,,13584,74.3,9986,3335,2556,1043,1789,718,,545
2009,5378012,,15549,77.3,11918,4761,2442,1166,2226,781,,542
2009,5378016,,21761,79,17005,5847,4459,1734,3094,1089,,782
2009,5378020,,12082,82.8,9942,3948,2015,1057,2120,463,,339
2009,5378024,,20497,78,15809,5721,3415,1703,3245,1007,,718
2009,5378028,,21027,76.5,15967,4983,3924,2012,3224,1144,,680
2009,5378032,,27896,75.2,20778,7839,4315,1946,4283,1407,,988
2009,5382,,443263,74.2,325209,118003,71221,34257,66346,20450,,14932
2009,5382004,,17402,76,13076,4525,2634,1729,2934,674,,580
2009,5382008,,18582,79.4,14564,5014,3043,1567,3574,812,,554
2009,5382012,,35926,73.6,26194,9868,5720,2801,5161,1509,,1135
2009,5382016,,13999,67.9,9373,3079,2005,870,2232,709,,478
2009,5382020,,34230,72.8,24643,8988,5201,2702,4843,1720,,1189
2009,5382024,,30413,77.4,23309,8358,4718,2827,5138,1303,,965
2009,5382028,,23319,76.7,17704,6364,3891,2296,3364,989,,800
2009,5382032,,18425,78.2,14243,5574,2769,1332,3259,758,,551
2009,5382036,,11334,74,8282,2904,1624,1061,1613,635,,445
2009,5382040,,15729,76.3,11876,4113,2525,1309,2616,705,,608
2009,5382044,,26839,75.6,20120,7342,4601,1767,4218,1312,,880
2009,5382048,,20170,76.7,15307,6045,2952,1440,3433,737,,700
2009,5382052,,7980,71.1,5590,1980,1290,569,1045,423,,283
2009,53820056056,,41938,73.4,30490,11142,6870,3125,6044,1883,,1426
2009,5382060,,29413,70.7,20600,7900,4338,2300,3684,1339,,1039
2009,5382064,,13994,77.9,10767,4313,2247,955,2242,572,,438
2009,53820068068,,53053,69.6,36477,12618,9200,3532,6305,2885,,1937
2009,5382072,,15009,81.3,12081,4648,2282,1122,3073,552,,404
2009,5382076,,15508,68.7,10513,3228,3311,953,1568,933,,520
2009,55,,1967410,73,1422301,502096,418410,130236,193866,113904,,63789
2009,55120000000,,90873,71.2,63941,17041,25363,4393,6644,6851,,3649
2009,5130000000,,187486,64.9,120201,27930,50435,8327,10846,14497,,8166
2009,55150000000,,210934,77.7,162731,54902,38604,27985,23951,10970,,6319
2009,5554,,273666,73.6,199716,90752,43790,14571,32976,10752,,6875
2009,5554004,,28212,74.3,20769,9444,4184,1727,3536,1124,,754
2009,55540008008,,55037,73.3,40056,17044,10876,2816,6005,2014,,1301
2009,5554012,,31642,73.2,22936,10635,4569,1706,4055,1238,,733
2009,5554016,,12817,74.5,9473,4257,2175,852,1398,468,,323
2009,5554020,,32630,62.9,20281,7875,5217,1272,3198,1856,,863
2009,5554024,,6127,77.3,4692,2570,826,227,704,202,,163
2009,5554028,,6335,79.3,4987,2451,961,404,780,228,,163
2009,5554032,,8013,73.1,5806,2364,1746,379,812,316,,189
2009,5554036,,5195,74.4,3822,1887,662,298,694,168,,113
2009,5554040,,8646,80.9,6925,3503,1175,483,1075,423,,266
2009,5554044,,10954,72.5,7869,3726,1443,553,1353,459,,335
2009,5554048,,14568,78.6,11359,5153,2500,1196,1792,430,,288
2009,5554052,,4843,76.3,3655,1920,557,254,614,180,,130
2009,5554056,,15296,77,11664,5353,2247,698,2408,551,,407
2009,5554060,,6651,77.5,5107,2683,792,276,995,223,,138
2009,5554064,,9859,76.2,7442,3622,1318,564,1313,362,,263
2009,5554068,,16841,77.2,12873,6265,2542,866,2244,510,,446
2009,5558,,169618,77.1,129731,55208,28524,11911,21529,7724,,4835
2009,5558004,,11675,77.6,8982,4190,1805,666,1557,452,,312
2009,5558008,,8986,79.2,7076,3096,1472,735,1212,362,,199
2009,5558012,,28793,75.5,21577,9147,4625,2062,3596,1322,,825
2009,5558016,,35984,75.8,27062,11139,6868,1962,4299,1770,,1024
2009,5558020,,8838,80.6,7084,2693,1674,991,1077,421,,228
2009,5558024,,18530,76.8,14123,6070,2910,1484,2298,847,,514
2009,5558028,,7749,79.5,6113,2649,1439,510,936,365,,214
2009,5558032,,15275,78.2,11877,4673,2651,1305,2034,695,,519
2009,5558036,,9740,76.1,7343,3164,1543,502,1201,624,,309
2009,5558040,,8306,79.2,6506,3227,1067,408,1299,292,,213
2009,5558044,,15742,76.8,11988,5160,2470,1286,2020,574,,478
2009,5562,,487548,71.4,344577,100262,123850,26157,38208,37589,,18511
2009,55620004004,,59593,70.6,41566,10654,16145,3047,4494,4772,,2454
2009,5562008,,27237,70.5,18983,5600,6697,1492,2073,2013,,1108
2009,5562012,,61782,73.1,44727,15471,13456,3365,5911,4348,,2176
2009,55620014014,,56000,69.1,38259,9641,15713,2509,3616,4425,,2355
2009,5562016,,30612,78.7,23876,9361,6238,2537,3241,1533,,966
2009,55620020020,,47168,71.7,33448,8880,13421,2119,3325,3936,,1767
2009,55620024024,,67328,70,46690,12522,18572,3004,4928,5121,,2543
2009,5562028,,22654,71.1,15936,4055,6182,1147,1652,2011,,889
2009,55620032032,,91535,70.5,63848,18828,21638,5464,6902,7578,,3438
2009,5562036,,23639,73.6,17244,5250,5788,1473,2066,1852,,815
2009,5566,,335998,74.2,246996,93295,70236,22283,36044,15697,,9441
2009,5566004,,7658,80.4,6129,2611,1262,802,951,281,,222
2009,5566008,,27171,75.9,20438,7692,5457,2354,2882,1332,,721
2009,5566012,,26999,71.5,19106,6798,4958,2080,3189,1309,,772
2009,5566016,,14968,75.4,11199,5159,2770,811,1460,603,,396
2009,5566020,,5718,78.5,4450,2169,1120,188,675,136,,162
2009,5566024,,4976,79.3,3912,1845,837,290,588,201,,151
2009,5566028,,39526,73.9,28928,9665,10354,2387,3436,2060,,1026
2009,5566032,,5080,78.6,3961,1337,1150,387,749,217,,121
2009,5566036,,4820,80.1,3825,1546,739,472,706,218,,144
2009,5566040,,16795,70.6,11704,3603,4007,1119,1579,898,,498
2009,5566044,,6806,76,5135,1705,1669,539,767,285,,170
2009,5566048,,10386,71,7289,1989,2444,739,1170,637,,310
2009,5566052,,4826,77.8,3715,1677,974,227,525,185,,127
2009,5566056,,9393,78.1,7269,2707,2586,536,828,393,,219
2009,5566060,,10476,75.7,7867,3593,1796,658,1141,387,,292
2009,5566064,,7257,77.5,5584,2536,1265,422,855,281,,225
2009,5566068,,14169,75.1,10527,4351,2882,711,1612,576,,395
2009,5566072,,8949,78.8,6994,3011,2086,542,781,331,,243
2009,5566076,,57208,70.3,39815,15354,11183,2962,5754,2867,,1695
2009,5566080,,5266,78,4071,1800,888,414,625,216,,128
2009,55660084084,,25827,73.1,18703,6552,4878,2033,3179,1227,,834
2009,5566088,,7098,79.1,5565,1796,1745,626,847,383,,168
2009,5566092,,8811,72.3,6302,1636,2289,644,1013,450,,270
2009,5566096,,5815,78.1,4508,2163,897,340,732,224,,152
2009,5570,,211287,73.9,154408,62706,37608,14609,23668,9824,,5993
2009,55700004004,,38262,69.9,26409,9358,8413,1746,3192,2615,,1085
2009,5570008,,28264,69.4,19387,6912,5655,1789,2656,1535,,840
2009,5570012,,4638,74,3385,1548,588,308,607,182,,152
2009,5570016,,11877,79.3,9321,4048,1980,1080,1441,455,,317
2009,5570020,,15854,71.7,11203,4463,2930,836,1765,755,,454
2009,5570024,,7332,81.7,5942,2432,1339,583,1101,254,,233
2009,5570028,,22515,76.7,17055,7114,4263,1694,2445,861,,678
2009,5570032,,8040,77.2,6120,2890,1034,630,1156,242,,168
2009,5570036,,10485,71.6,7438,3302,1481,604,1276,453,,322
2009,5570040,,10193,75.9,7625,3354,1746,639,1190,367,,329
2009,5570044,,14910,77.2,11421,4584,2165,1760,2029,576,,307
2009,5570048,,9959,76.3,7521,3479,1474,650,1224,394,,300
2009,5570052,,28958,75.3,21581,9222,4540,2290,3586,1135,,808
2009,57,,1557841,71.9,1106030,396692,320792,103292,153253,80974,,51027
2009,57110000000,,238268,72.9,171661,52207,51537,24133,18992,16692,,8100
2009,5754,,261647,72.5,187440,72877,47665,18235,27933,12251,,8479
2009,5754004,,6701,72.1,4784,1538,1394,545,702,394,,211
2009,57540008008,,71104,70.2,49324,16775,13854,5776,6756,3785,,2378
2009,5754012,,16040,73,11589,4070,3605,1244,1395,771,,504
2009,5754016,,17284,73.7,12593,5453,3141,1025,1654,738,,582
2009,5754020,,12065,74.1,8844,3957,1727,685,1521,497,,457
2009,5754024,,6299,74.7,4640,2012,918,370,860,269,,211
2009,5754028,,33236,72.7,23820,9589,5499,2274,3785,1632,,1041
2009,5754032,,21102,74.1,15450,7928,2596,1092,2575,653,,606
2009,5754036,,19886,73.5,14431,5999,3107,1276,2344,962,,743
2009,5754040,,15321,75.9,11541,3911,3428,1257,1728,742,,475
2009,5754044,,18050,74.1,13235,6014,2892,987,2139,667,,536
2009,5754048,,15742,67.4,10500,3561,3458,780,1583,707,,411
2009,5754052,,8817,76.6,6689,2070,2046,924,891,434,,324
2009,5758,,195730,71,137155,44177,45694,11918,18349,10869,,6148
2009,5758004,,34986,69.3,23889,7699,7745,2207,3148,2008,,1082
2009,5758008,,15811,74.4,11608,3631,4025,1090,1456,889,,517
2009,57580012012,,49688,67.9,33306,11331,10035,3052,4603,2836,,1449
2009,5758016,,16122,75.4,12023,3707,4369,1027,1600,807,,513
2009,5758020,,12793,73.2,9240,3099,3150,661,1196,707,,427
2009,5758024,,31135,69.5,21357,6575,7619,1581,2790,1808,,984
2009,5758028,,7761,74.9,5753,1683,2195,427,750,427,,271
2009,5758032,,12031,76,9045,2816,3166,874,1149,611,,429
2009,5758036,,15403,71.9,10934,3636,3390,999,1657,776,,476
2009,5762,,116613,73.8,84738,36739,19990,5301,13890,5160,,3658
2009,5762004,,15167,72.2,10773,4581,2174,812,1955,682,,569
2009,5762008,,11480,74,8328,3538,1987,454,1517,540,,292
2009,5762012,,7467,76.9,5648,2755,1180,223,923,345,,222
2009,5762016,,13010,73.9,9462,4389,1942,558,1591,584,,398
2009,5762020,,24521,73.6,17845,7138,4660,1234,3004,1087,,722
2009,5762024,,4284,79.2,3367,1716,714,188,478,158,,113
2009,5762028,,5227,76.5,3943,1740,1068,186,545,236,,168
2009,5762032,,10238,75.2,7587,2967,2368,462,1068,432,,290
2009,5762036,,18647,71.6,13115,5778,2836,960,2116,781,,644
2009,5762040,,6572,72.7,4670,2137,1061,224,693,315,,240
2009,5766,,274821,72.8,197510,62620,68822,16677,25862,14165,,9364
2009,5766004,,6637,67.8,4411,1772,1274,239,575,320,,231
2009,57660008008,,41277,72.3,29523,9538,9455,2255,4733,2219,,1323
2009,5766012,,7183,72.5,5139,1678,1919,372,619,325,,226
2009,5766016,,12481,74.3,9163,2411,4087,685,953,565,,462
2009,5766020,,57766,71.6,40813,12281,14089,4307,5314,2976,,1846
2009,5766024,,6625,70.5,4618,1384,1668,379,603,370,,214
2009,5766028,,9969,71.4,7027,2307,2391,436,869,608,,416
2009,5766032,,13609,73.3,9822,3034,3601,797,1224,733,,433
2009,5766036,,11700,75.4,8702,2925,3344,543,878,583,,429
2009,5766040,,27077,70.5,18808,6374,6077,1570,2426,1392,,969
2009,5766044,,32182,73.4,23379,7510,8025,2117,2846,1705,,1176
2009,5766048,,12515,78,9660,3309,3311,803,1174,590,,473
2009,5766052,,8198,73,5888,2046,2033,359,812,380,,258
2009,5766056,,13508,76.9,10276,3109,3351,1110,1526,702,,478
2009,5766060,,7134,76,5336,1334,2500,329,598,367,,208
2009,5766064,,6960,72,4945,1608,1697,376,712,330,,222
2009,5770,,247206,70.2,171506,60717,55266,13685,21766,12419,,7653
2009,5770004,,38051,68.9,25881,8848,7967,2203,3669,2018,,1176
2009,5770008,,18583,66.6,12163,5569,3273,642,1310,766,,603
2009,5770012,,13121,76.6,9951,3599,3472,631,1262,605,,382
2009,5770016,,10461,75,7772,2801,2614,530,970,485,,372
2009,5770020,,20109,71.2,14159,5020,4809,1056,1699,970,,605
2009,57700024024,,62648,68.3,42289,12966,14645,4178,4918,3754,,1828
2009,5770028,,21253,71.3,15014,5415,4954,1161,1810,1037,,637
2009,5770032,,29018,71.5,20497,6342,7092,1795,2728,1524,,1016
2009,5770036,,10224,73.1,7366,2853,2305,458,953,476,,321
2009,5770040,,12729,69.9,8803,3918,2335,508,1245,403,,394
2009,5770044,,11009,69.9,7611,3386,1800,523,1202,381,,319
2009,5774,,223556,70.6,156020,67355,31818,13343,26461,9418,,7625
2009,5774004,,7339,72.7,5263,2288,1271,407,753,312,,232
2009,5774008,,11394,68.8,7749,3095,1823,592,1310,589,,340
2009,5774012,,10246,76.2,7738,3223,1834,793,1134,434,,320
2009,5774016,,16916,70.8,11830,5611,2488,620,1898,644,,569
2009,5774020,,22783,72.3,16285,8491,2391,860,3210,723,,610
2009,5774024,,12032,72.8,8619,4255,1417,516,1533,437,,461
2009,5774028,,8542,76.7,6453,3027,1334,467,1012,319,,294
2009,5774032,,106012,68.3,71466,27679,15383,7608,11902,5031,,3863
2009,5774036,,18854,73.6,13744,6370,2664,1054,2401,635,,620
2009,5774040,,9438,73.8,6873,3316,1213,426,1308,294,,316
2009,59,,2756052,70.7,1926778,596897,612748,178107,255483,180015,,103528
2009,59110000000,,284855,71.1,200268,48442,74219,22846,20891,22643,,11227
2009,59130000000,,423053,68.7,287828,70243,98695,35686,33806,32376,,17022
2009,59140000000,,140145,67.8,93920,28492,30708,8545,10689,9670,,5816
2009,59150000000,,129218,69.3,88473,29654,28756,6435,10746,8447,,4435
2009,59160000000,,118280,67.4,78516,18002,31927,6322,7090,10060,,5115
2009,5954,,261058,73.4,189572,52660,65201,20260,24335,17374,,9742
2009,5954004,,7266,76.2,5492,1919,1630,554,738,399,,252
2009,5954008,,23876,68.7,16227,5073,5260,1395,2270,1423,,806
2009,5954012,,24363,73.2,17634,4877,6553,1578,2260,1496,,870
2009,5954016,,44436,73.8,32420,9446,11417,3163,3762,3029,,1603
2009,5954020,,19586,77.7,15095,4173,5049,1764,2161,1266,,682
2009,5954024,,22118,72.1,15789,4864,4910,1485,2289,1460,,781
2009,5954028,,20820,78.8,16257,4645,5182,1750,2655,1257,,768
2009,5954032,,21698,74.7,16051,4256,5641,1875,2034,1394,,851
2009,59540036036,,76895,71.8,54607,13407,19559,6696,6166,5650,,3129
2009,5958,,209440,72.7,150540,63133,36741,9460,24530,10064,,6612
2009,59580004004,,58842,69.4,40483,14726,11883,2870,5925,3255,,1824
2009,5958008,,8315,74.5,6109,2514,1749,327,801,470,,248
2009,5958012,,20723,72.6,14803,6084,3731,836,2452,991,,709
2009,5958016,,6987,76.1,5254,2559,909,255,1111,225,,195
2009,5958020,,3609,74.9,2651,1406,348,110,535,133,,119
2009,5958024,,16171,72.6,11601,4598,3368,740,1528,830,,537
2009,5958028,,6372,72.9,4581,2421,651,198,896,211,,204
2009,5958032,,23589,73.6,17180,6902,4228,1195,2831,1185,,839
2009,5958036,,11978,74,8748,3960,2057,562,1317,512,,340
2009,5958040,,19827,75.4,14807,7392,2545,934,2677,720,,539
2009,5958044,,21895,74.6,16157,6904,3725,994,2787,1075,,672
2009,5958048,,11132,74.2,8166,3667,1547,439,1670,457,,386
2009,5962,,320421,69.1,218882,75693,62225,16364,33062,18922,,12616
2009,5962004,,14774,70.4,10268,3392,3157,761,1318,1078,,562
2009,5962008,,9303,74.9,6908,3197,1483,415,1079,409,,325
2009,5962012,,12783,71.3,9007,3114,2362,795,1538,696,,502
2009,5962016,,26615,68,17906,6279,4989,1421,2298,1694,,1225
2009,5962020,,5945,73.4,4323,1351,1266,323,789,347,,247
2009,59620024024,,71545,69.1,48905,16821,14253,3664,6712,4446,,3009
2009,5962028,,12457,64.5,7935,2762,2048,671,1289,712,,453
2009,59620032032,,54159,66.9,35759,11375,10348,2695,5893,3320,,2128
2009,5962036,,15242,66.9,10084,3630,2649,749,1681,868,,507
2009,59620040040,,42889,70,29640,10954,7585,2400,4933,2227,,1541
2009,5962044,,5038,74.1,3699,1209,1163,354,499,320,,154
2009,5962048,,8872,74.9,6584,2598,1792,452,888,499,,355
2009,5962052,,19281,68.3,13012,4293,4379,619,1970,1015,,736
2009,5962056,,8842,73.6,6449,1967,1797,542,1256,529,,358
2009,5962060,,12676,67,8403,2751,2954,503,919,762,,514
2009,5966,,104768,73.2,75837,35159,16000,4604,12575,4325,,3174
2009,5966004,,17932,73.1,12971,5507,3128,779,2095,907,,555
2009,5966008,,9236,75.1,6854,3499,1037,393,1303,318,,304
2009,5966012,,13333,71.3,9391,4544,1824,453,1601,564,,405
2009,5966016,,9569,74.2,7039,3297,1455,469,1119,379,,320
2009,5966020,,20368,70.1,14130,5974,3838,902,1914,915,,587
2009,5966024,,18951,73.9,13847,6521,2610,965,2556,675,,520
2009,5966028,,15379,76.2,11605,5817,2108,643,1987,567,,483
2009,5970,,218411,71.8,155196,53999,44822,13385,23059,12362,,7569
2009,5970004,,16223,71,11401,3998,3858,708,1472,813,,552
2009,5970008,,11150,71.3,7857,3434,1843,508,1180,516,,376
2009,5970012,,5906,73.1,4277,1447,1507,232,654,263,,174
2009,5970016,,14433,74.1,10603,3685,2875,906,1845,772,,520
2009,5970020,,12171,74,8914,2782,2803,849,1343,685,,452
2009,5970024,,23356,72,16641,5088,5717,1502,2321,1193,,820
2009,5970028,,11558,72.5,8267,2773,2863,498,1079,674,,380
2009,5970032,,18913,76.8,14333,5780,3550,1249,2211,905,,638
2009,5970036,,10282,68.9,7002,2496,2093,435,1121,480,,377
2009,59700040040,,77665,69.1,53111,17193,14679,5617,7595,5298,,2729
2009,5970044,,16754,77.1,12790,5323,3034,881,2238,763,,551
2009,5974,,232781,71,163372,59805,41522,14081,27675,12460,,7829
2009,5974004,,8386,73,6050,2393,1414,434,1124,410,,275
2009,5974008,,9313,73.9,6794,2427,1845,564,1156,476,,326
2009,5974012,,9661,77.1,7362,2923,1757,519,1332,481,,350
2009,5974016,,12438,74.9,9224,3387,2315,572,1930,599,,421
2009,5974020,,15456,67.7,10333,3837,2538,785,1858,809,,506
2009,5974024,,9460,76.6,7133,3177,1492,557,1133,430,,344
2009,59740028028,,50514,67.2,33514,11288,8800,3271,5759,2745,,1651
2009,5974032,,8982,75.1,6692,2770,1437,581,1206,419,,279
2009,5974036,,8891,77.7,6838,2887,1616,474,1125,411,,325
2009,5974040,,36445,68.7,24752,8191,6591,2582,4007,2110,,1271
2009,5974044,,21692,72.7,15604,5673,4405,1335,2326,1134,,731
2009,5974048,,10002,77.5,7660,2686,2078,683,1297,567,,349
2009,5974052,,22540,67.6,15060,5859,3460,1258,2455,1309,,719
2009,5974056,,9001,71.5,6356,2307,1774,466,967,560,,282
2009,5978,,313622,72.3,224374,61615,81932,20119,27025,21312,,12371
2009,5978004,,37412,68.2,25235,5365,11158,1877,2373,2775,,1687
2009,5978008,,13695,73.7,9973,2291,4241,799,1157,981,,504
2009,5978012,,17099,75.2,12734,3881,4122,1151,1877,991,,712
2009,5978016,,13623,77.8,10477,2981,3624,1026,1572,766,,508
2009,5978020,,35480,73.8,25947,6072,10621,2337,2760,2713,,1444
2009,59780024024,,65386,69.5,44855,11590,17026,3777,4699,4875,,2888
2009,5978028,,37471,76.2,28228,8272,9249,3011,3701,2576,,1419
2009,5978032,,21353,70.4,14891,5080,4844,1030,1795,1407,,735
2009,5978036,,48153,72.9,34763,9784,12424,3555,4333,3040,,1627
2009,5978040,,23950,72.9,17271,6299,4623,1556,2758,1188,,847
